candidate_id,search_stage,left_inner_orientation,left_outer_orientation,right_inner_orientation,right_outer_orientation,left_inner_y_mm,right_inner_y_mm,left_pulley_y_mm,right_pulley_y_mm,left_outer_y_mm,right_outer_y_mm,inner_shift_mm,pulley_shift_mm,outer_shift_mm,center_mutual_clearance_mm,belt_to_inner_nominal_mm,belt_to_inner_residual_mm,belt_to_outer_nominal_mm,belt_to_outer_residual_mm,pulley_to_inner_nominal_mm,pulley_to_inner_residual_mm,pulley_to_outer_nominal_mm,pulley_to_outer_residual_mm,tool_clearance_mm,support_plate_fit,shaft_length_min_mm,shaft_length_max_mm,total_width_mm,left_pto_end_y_mm,right_pto_end_y_mm,robustness_result,added_parts,status,rejection_reason
S0-V0083-BASELINE,0,O,C,O,C,14.0,-14.0,47.0,-47.0,87.5,-87.5,0.0,0.0,0.0,11.0,8.0,3.0,15.5,10.5,8.5,6.0,16.0,13.5,12.0,PASS_WITHIN_95X140_REFERENCE_ENVELOPE,139.5,145.5,290.0,145.0,-145.0,NOT_FULLY_EVALUATED,0,FAIL,BELT_NOMINAL_LT_13|BELT_RESIDUAL_LT_8|PULLEY_CLEARANCE_LT_10
S1-CCCC,1,C,C,C,C,14.0,-14.0,47.0,-47.0,87.5,-87.5,0.0,0.0,0.0,-1.0,14.0,9.0,15.5,10.5,14.5,12.0,16.0,13.5,12.0,PASS_WITHIN_95X140_REFERENCE_ENVELOPE,139.5,145.5,290.0,145.0,-145.0,NOT_FULLY_EVALUATED,0,FAIL,CENTER_CLEARANCE_LT_1
S1-CCCO,1,C,C,C,O,14.0,-14.0,47.0,-47.0,87.5,-87.5,0.0,0.0,0.0,-1.0,14.0,9.0,15.5,10.5,14.5,12.0,16.0,13.5,12.0,PASS_WITHIN_95X140_REFERENCE_ENVELOPE,139.5,145.5,290.0,145.0,-145.0,NOT_FULLY_EVALUATED,0,FAIL,CENTER_CLEARANCE_LT_1
S1-CCOC,1,C,C,O,C,14.0,-14.0,47.0,-47.0,87.5,-87.5,0.0,0.0,0.0,5.0,8.0,3.0,15.5,10.5,8.5,6.0,16.0,13.5,12.0,PASS_WITHIN_95X140_REFERENCE_ENVELOPE,139.5,145.5,290.0,145.0,-145.0,NOT_FULLY_EVALUATED,0,FAIL,BELT_NOMINAL_LT_13|BELT_RESIDUAL_LT_8|PULLEY_CLEARANCE_LT_10
S1-CCOO,1,C,C,O,O,14.0,-14.0,47.0,-47.0,87.5,-87.5,0.0,0.0,0.0,5.0,8.0,3.0,15.5,10.5,8.5,6.0,16.0,13.5,12.0,PASS_WITHIN_95X140_REFERENCE_ENVELOPE,139.5,145.5,290.0,145.0,-145.0,NOT_FULLY_EVALUATED,0,FAIL,BELT_NOMINAL_LT_13|BELT_RESIDUAL_LT_8|PULLEY_CLEARANCE_LT_10
S1-COCC,1,C,O,C,C,14.0,-14.0,47.0,-47.0,87.5,-87.5,0.0,0.0,0.0,-1.0,14.0,9.0,15.5,10.5,14.5,12.0,16.0,13.5,12.0,PASS_WITHIN_95X140_REFERENCE_ENVELOPE,139.5,145.5,290.0,145.0,-145.0,NOT_FULLY_EVALUATED,0,FAIL,CENTER_CLEARANCE_LT_1
S1-COCO,1,C,O,C,O,14.0,-14.0,47.0,-47.0,87.5,-87.5,0.0,0.0,0.0,-1.0,14.0,9.0,21.5,16.5,14.5,12.0,22.0,19.5,12.0,PASS_WITHIN_95X140_REFERENCE_ENVELOPE,139.5,145.5,290.0,145.0,-145.0,NOT_FULLY_EVALUATED,0,FAIL,CENTER_CLEARANCE_LT_1
S1-COOC,1,C,O,O,C,14.0,-14.0,47.0,-47.0,87.5,-87.5,0.0,0.0,0.0,5.0,8.0,3.0,15.5,10.5,8.5,6.0,16.0,13.5,12.0,PASS_WITHIN_95X140_REFERENCE_ENVELOPE,139.5,145.5,290.0,145.0,-145.0,NOT_FULLY_EVALUATED,0,FAIL,BELT_NOMINAL_LT_13|BELT_RESIDUAL_LT_8|PULLEY_CLEARANCE_LT_10
S1-COOO,1,C,O,O,O,14.0,-14.0,47.0,-47.0,87.5,-87.5,0.0,0.0,0.0,5.0,8.0,3.0,21.5,16.5,8.5,6.0,22.0,19.5,12.0,PASS_WITHIN_95X140_REFERENCE_ENVELOPE,139.5,145.5,290.0,145.0,-145.0,NOT_FULLY_EVALUATED,0,FAIL,BELT_NOMINAL_LT_13|BELT_RESIDUAL_LT_8|PULLEY_CLEARANCE_LT_10
S1-OCCC,1,O,C,C,C,14.0,-14.0,47.0,-47.0,87.5,-87.5,0.0,0.0,0.0,5.0,8.0,3.0,15.5,10.5,8.5,6.0,16.0,13.5,12.0,PASS_WITHIN_95X140_REFERENCE_ENVELOPE,139.5,145.5,290.0,145.0,-145.0,NOT_FULLY_EVALUATED,0,FAIL,BELT_NOMINAL_LT_13|BELT_RESIDUAL_LT_8|PULLEY_CLEARANCE_LT_10
S1-OCCO,1,O,C,C,O,14.0,-14.0,47.0,-47.0,87.5,-87.5,0.0,0.0,0.0,5.0,8.0,3.0,15.5,10.5,8.5,6.0,16.0,13.5,12.0,PASS_WITHIN_95X140_REFERENCE_ENVELOPE,139.5,145.5,290.0,145.0,-145.0,NOT_FULLY_EVALUATED,0,FAIL,BELT_NOMINAL_LT_13|BELT_RESIDUAL_LT_8|PULLEY_CLEARANCE_LT_10
S1-OCOC,1,O,C,O,C,14.0,-14.0,47.0,-47.0,87.5,-87.5,0.0,0.0,0.0,11.0,8.0,3.0,15.5,10.5,8.5,6.0,16.0,13.5,12.0,PASS_WITHIN_95X140_REFERENCE_ENVELOPE,139.5,145.5,290.0,145.0,-145.0,NOT_FULLY_EVALUATED,0,FAIL,BELT_NOMINAL_LT_13|BELT_RESIDUAL_LT_8|PULLEY_CLEARANCE_LT_10
S1-OCOO,1,O,C,O,O,14.0,-14.0,47.0,-47.0,87.5,-87.5,0.0,0.0,0.0,11.0,8.0,3.0,15.5,10.5,8.5,6.0,16.0,13.5,12.0,PASS_WITHIN_95X140_REFERENCE_ENVELOPE,139.5,145.5,290.0,145.0,-145.0,NOT_FULLY_EVALUATED,0,FAIL,BELT_NOMINAL_LT_13|BELT_RESIDUAL_LT_8|PULLEY_CLEARANCE_LT_10
S1-OOCC,1,O,O,C,C,14.0,-14.0,47.0,-47.0,87.5,-87.5,0.0,0.0,0.0,5.0,8.0,3.0,15.5,10.5,8.5,6.0,16.0,13.5,12.0,PASS_WITHIN_95X140_REFERENCE_ENVELOPE,139.5,145.5,290.0,145.0,-145.0,NOT_FULLY_EVALUATED,0,FAIL,BELT_NOMINAL_LT_13|BELT_RESIDUAL_LT_8|PULLEY_CLEARANCE_LT_10
S1-OOCO,1,O,O,C,O,14.0,-14.0,47.0,-47.0,87.5,-87.5,0.0,0.0,0.0,5.0,8.0,3.0,21.5,16.5,8.5,6.0,22.0,19.5,12.0,PASS_WITHIN_95X140_REFERENCE_ENVELOPE,139.5,145.5,290.0,145.0,-145.0,NOT_FULLY_EVALUATED,0,FAIL,BELT_NOMINAL_LT_13|BELT_RESIDUAL_LT_8|PULLEY_CLEARANCE_LT_10
S1-OOOC,1,O,O,O,C,14.0,-14.0,47.0,-47.0,87.5,-87.5,0.0,0.0,0.0,11.0,8.0,3.0,15.5,10.5,8.5,6.0,16.0,13.5,12.0,PASS_WITHIN_95X140_REFERENCE_ENVELOPE,139.5,145.5,290.0,145.0,-145.0,NOT_FULLY_EVALUATED,0,FAIL,BELT_NOMINAL_LT_13|BELT_RESIDUAL_LT_8|PULLEY_CLEARANCE_LT_10
S1-OOOO,1,O,O,O,O,14.0,-14.0,47.0,-47.0,87.5,-87.5,0.0,0.0,0.0,11.0,8.0,3.0,21.5,16.5,8.5,6.0,22.0,19.5,12.0,PASS_WITHIN_95X140_REFERENCE_ENVELOPE,139.5,145.5,290.0,145.0,-145.0,NOT_FULLY_EVALUATED,0,FAIL,BELT_NOMINAL_LT_13|BELT_RESIDUAL_LT_8|PULLEY_CLEARANCE_LT_10
S2-INCC-OUTCC-SHIFT00.00,2,C,C,C,C,14.0,-14.0,47.0,-47.0,87.5,-87.5,0.0,0.0,0.0,-1.0,14.0,9.0,15.5,10.5,14.5,12.0,16.0,13.5,12.0,PASS_WITHIN_95X140_REFERENCE_ENVELOPE,139.5,145.5,290.0,145.0,-145.0,NOT_FULLY_EVALUATED,0,FAIL,CENTER_CLEARANCE_LT_1
S2-INCC-OUTCO-SHIFT00.00,2,C,C,C,O,14.0,-14.0,47.0,-47.0,87.5,-87.5,0.0,0.0,0.0,-1.0,14.0,9.0,15.5,10.5,14.5,12.0,16.0,13.5,12.0,PASS_WITHIN_95X140_REFERENCE_ENVELOPE,139.5,145.5,290.0,145.0,-145.0,NOT_FULLY_EVALUATED,0,FAIL,CENTER_CLEARANCE_LT_1
S2-INCC-OUTOC-SHIFT00.00,2,C,O,C,C,14.0,-14.0,47.0,-47.0,87.5,-87.5,0.0,0.0,0.0,-1.0,14.0,9.0,15.5,10.5,14.5,12.0,16.0,13.5,12.0,PASS_WITHIN_95X140_REFERENCE_ENVELOPE,139.5,145.5,290.0,145.0,-145.0,NOT_FULLY_EVALUATED,0,FAIL,CENTER_CLEARANCE_LT_1
S2-INCC-OUTOO-SHIFT00.00,2,C,O,C,O,14.0,-14.0,47.0,-47.0,87.5,-87.5,0.0,0.0,0.0,-1.0,14.0,9.0,21.5,16.5,14.5,12.0,22.0,19.5,12.0,PASS_WITHIN_95X140_REFERENCE_ENVELOPE,139.5,145.5,290.0,145.0,-145.0,NOT_FULLY_EVALUATED,0,FAIL,CENTER_CLEARANCE_LT_1
S2-INCC-OUTCC-SHIFT00.25,2,C,C,C,C,14.25,-14.25,47.0,-47.0,87.5,-87.5,0.25,0.0,0.0,-0.5,13.75,8.75,15.5,10.5,14.25,11.75,16.0,13.5,12.0,PASS_WITHIN_95X140_REFERENCE_ENVELOPE,139.25,145.25,290.0,145.0,-145.0,NOT_FULLY_EVALUATED,0,FAIL,CENTER_CLEARANCE_LT_1
S2-INCC-OUTCO-SHIFT00.25,2,C,C,C,O,14.25,-14.25,47.0,-47.0,87.5,-87.5,0.25,0.0,0.0,-0.5,13.75,8.75,15.5,10.5,14.25,11.75,16.0,13.5,12.0,PASS_WITHIN_95X140_REFERENCE_ENVELOPE,139.25,145.25,290.0,145.0,-145.0,NOT_FULLY_EVALUATED,0,FAIL,CENTER_CLEARANCE_LT_1
S2-INCC-OUTOC-SHIFT00.25,2,C,O,C,C,14.25,-14.25,47.0,-47.0,87.5,-87.5,0.25,0.0,0.0,-0.5,13.75,8.75,15.5,10.5,14.25,11.75,16.0,13.5,12.0,PASS_WITHIN_95X140_REFERENCE_ENVELOPE,139.25,145.25,290.0,145.0,-145.0,NOT_FULLY_EVALUATED,0,FAIL,CENTER_CLEARANCE_LT_1
S2-INCC-OUTOO-SHIFT00.25,2,C,O,C,O,14.25,-14.25,47.0,-47.0,87.5,-87.5,0.25,0.0,0.0,-0.5,13.75,8.75,21.5,16.5,14.25,11.75,22.0,19.5,12.0,PASS_WITHIN_95X140_REFERENCE_ENVELOPE,139.25,145.25,290.0,145.0,-145.0,NOT_FULLY_EVALUATED,0,FAIL,CENTER_CLEARANCE_LT_1
S2-INCC-OUTCC-SHIFT00.50,2,C,C,C,C,14.5,-14.5,47.0,-47.0,87.5,-87.5,0.5,0.0,0.0,0.0,13.5,8.5,15.5,10.5,14.0,11.5,16.0,13.5,12.0,PASS_WITHIN_95X140_REFERENCE_ENVELOPE,139.0,145.0,290.0,145.0,-145.0,NOT_FULLY_EVALUATED,0,FAIL,CENTER_CLEARANCE_LT_1
S2-INCC-OUTCO-SHIFT00.50,2,C,C,C,O,14.5,-14.5,47.0,-47.0,87.5,-87.5,0.5,0.0,0.0,0.0,13.5,8.5,15.5,10.5,14.0,11.5,16.0,13.5,12.0,PASS_WITHIN_95X140_REFERENCE_ENVELOPE,139.0,145.0,290.0,145.0,-145.0,NOT_FULLY_EVALUATED,0,FAIL,CENTER_CLEARANCE_LT_1
S2-INCC-OUTOC-SHIFT00.50,2,C,O,C,C,14.5,-14.5,47.0,-47.0,87.5,-87.5,0.5,0.0,0.0,0.0,13.5,8.5,15.5,10.5,14.0,11.5,16.0,13.5,12.0,PASS_WITHIN_95X140_REFERENCE_ENVELOPE,139.0,145.0,290.0,145.0,-145.0,NOT_FULLY_EVALUATED,0,FAIL,CENTER_CLEARANCE_LT_1
S2-INCC-OUTOO-SHIFT00.50,2,C,O,C,O,14.5,-14.5,47.0,-47.0,87.5,-87.5,0.5,0.0,0.0,0.0,13.5,8.5,21.5,16.5,14.0,11.5,22.0,19.5,12.0,PASS_WITHIN_95X140_REFERENCE_ENVELOPE,139.0,145.0,290.0,145.0,-145.0,NOT_FULLY_EVALUATED,0,FAIL,CENTER_CLEARANCE_LT_1
S2-INCC-OUTCC-SHIFT00.75,2,C,C,C,C,14.75,-14.75,47.0,-47.0,87.5,-87.5,0.75,0.0,0.0,0.5,13.25,8.25,15.5,10.5,13.75,11.25,16.0,13.5,12.0,PASS_WITHIN_95X140_REFERENCE_ENVELOPE,138.75,144.75,290.0,145.0,-145.0,NOT_FULLY_EVALUATED,0,FAIL,CENTER_CLEARANCE_LT_1
S2-INCC-OUTCO-SHIFT00.75,2,C,C,C,O,14.75,-14.75,47.0,-47.0,87.5,-87.5,0.75,0.0,0.0,0.5,13.25,8.25,15.5,10.5,13.75,11.25,16.0,13.5,12.0,PASS_WITHIN_95X140_REFERENCE_ENVELOPE,138.75,144.75,290.0,145.0,-145.0,NOT_FULLY_EVALUATED,0,FAIL,CENTER_CLEARANCE_LT_1
S2-INCC-OUTOC-SHIFT00.75,2,C,O,C,C,14.75,-14.75,47.0,-47.0,87.5,-87.5,0.75,0.0,0.0,0.5,13.25,8.25,15.5,10.5,13.75,11.25,16.0,13.5,12.0,PASS_WITHIN_95X140_REFERENCE_ENVELOPE,138.75,144.75,290.0,145.0,-145.0,NOT_FULLY_EVALUATED,0,FAIL,CENTER_CLEARANCE_LT_1
S2-INCC-OUTOO-SHIFT00.75,2,C,O,C,O,14.75,-14.75,47.0,-47.0,87.5,-87.5,0.75,0.0,0.0,0.5,13.25,8.25,21.5,16.5,13.75,11.25,22.0,19.5,12.0,PASS_WITHIN_95X140_REFERENCE_ENVELOPE,138.75,144.75,290.0,145.0,-145.0,NOT_FULLY_EVALUATED,0,FAIL,CENTER_CLEARANCE_LT_1
S2-INCC-OUTCC-SHIFT01.00,2,C,C,C,C,15.0,-15.0,47.0,-47.0,87.5,-87.5,1.0,0.0,0.0,1.0,13.0,8.0,15.5,10.5,13.5,11.0,16.0,13.5,12.0,PASS_WITHIN_95X140_REFERENCE_ENVELOPE,138.5,144.5,290.0,145.0,-145.0,NOT_FULLY_EVALUATED,0,CONDITIONAL_PASS_CANDIDATE,
S2-INCC-OUTCO-SHIFT01.00,2,C,C,C,O,15.0,-15.0,47.0,-47.0,87.5,-87.5,1.0,0.0,0.0,1.0,13.0,8.0,15.5,10.5,13.5,11.0,16.0,13.5,12.0,PASS_WITHIN_95X140_REFERENCE_ENVELOPE,138.5,144.5,290.0,145.0,-145.0,NOT_FULLY_EVALUATED,0,CONDITIONAL_PASS_CANDIDATE,
S2-INCC-OUTOC-SHIFT01.00,2,C,O,C,C,15.0,-15.0,47.0,-47.0,87.5,-87.5,1.0,0.0,0.0,1.0,13.0,8.0,15.5,10.5,13.5,11.0,16.0,13.5,12.0,PASS_WITHIN_95X140_REFERENCE_ENVELOPE,138.5,144.5,290.0,145.0,-145.0,NOT_FULLY_EVALUATED,0,CONDITIONAL_PASS_CANDIDATE,
S2-INCC-OUTOO-SHIFT01.00,2,C,O,C,O,15.0,-15.0,47.0,-47.0,87.5,-87.5,1.0,0.0,0.0,1.0,13.0,8.0,21.5,16.5,13.5,11.0,22.0,19.5,12.0,PASS_WITHIN_95X140_REFERENCE_ENVELOPE,138.5,144.5,290.0,145.0,-145.0,NOT_FULLY_EVALUATED,0,CONDITIONAL_PASS_CANDIDATE,
S2-INCC-OUTCC-SHIFT01.25,2,C,C,C,C,15.25,-15.25,47.0,-47.0,87.5,-87.5,1.25,0.0,0.0,1.5,12.75,7.75,15.5,10.5,13.25,10.75,16.0,13.5,12.0,PASS_WITHIN_95X140_REFERENCE_ENVELOPE,138.25,144.25,290.0,145.0,-145.0,NOT_FULLY_EVALUATED,0,FAIL,BELT_NOMINAL_LT_13|BELT_RESIDUAL_LT_8
S2-INCC-OUTCO-SHIFT01.25,2,C,C,C,O,15.25,-15.25,47.0,-47.0,87.5,-87.5,1.25,0.0,0.0,1.5,12.75,7.75,15.5,10.5,13.25,10.75,16.0,13.5,12.0,PASS_WITHIN_95X140_REFERENCE_ENVELOPE,138.25,144.25,290.0,145.0,-145.0,NOT_FULLY_EVALUATED,0,FAIL,BELT_NOMINAL_LT_13|BELT_RESIDUAL_LT_8
S2-INCC-OUTOC-SHIFT01.25,2,C,O,C,C,15.25,-15.25,47.0,-47.0,87.5,-87.5,1.25,0.0,0.0,1.5,12.75,7.75,15.5,10.5,13.25,10.75,16.0,13.5,12.0,PASS_WITHIN_95X140_REFERENCE_ENVELOPE,138.25,144.25,290.0,145.0,-145.0,NOT_FULLY_EVALUATED,0,FAIL,BELT_NOMINAL_LT_13|BELT_RESIDUAL_LT_8
S2-INCC-OUTOO-SHIFT01.25,2,C,O,C,O,15.25,-15.25,47.0,-47.0,87.5,-87.5,1.25,0.0,0.0,1.5,12.75,7.75,21.5,16.5,13.25,10.75,22.0,19.5,12.0,PASS_WITHIN_95X140_REFERENCE_ENVELOPE,138.25,144.25,290.0,145.0,-145.0,NOT_FULLY_EVALUATED,0,FAIL,BELT_NOMINAL_LT_13|BELT_RESIDUAL_LT_8
S2-INCC-OUTCC-SHIFT01.50,2,C,C,C,C,15.5,-15.5,47.0,-47.0,87.5,-87.5,1.5,0.0,0.0,2.0,12.5,7.5,15.5,10.5,13.0,10.5,16.0,13.5,12.0,PASS_WITHIN_95X140_REFERENCE_ENVELOPE,138.0,144.0,290.0,145.0,-145.0,NOT_FULLY_EVALUATED,0,FAIL,BELT_NOMINAL_LT_13|BELT_RESIDUAL_LT_8
S2-INCC-OUTCO-SHIFT01.50,2,C,C,C,O,15.5,-15.5,47.0,-47.0,87.5,-87.5,1.5,0.0,0.0,2.0,12.5,7.5,15.5,10.5,13.0,10.5,16.0,13.5,12.0,PASS_WITHIN_95X140_REFERENCE_ENVELOPE,138.0,144.0,290.0,145.0,-145.0,NOT_FULLY_EVALUATED,0,FAIL,BELT_NOMINAL_LT_13|BELT_RESIDUAL_LT_8
S2-INCC-OUTOC-SHIFT01.50,2,C,O,C,C,15.5,-15.5,47.0,-47.0,87.5,-87.5,1.5,0.0,0.0,2.0,12.5,7.5,15.5,10.5,13.0,10.5,16.0,13.5,12.0,PASS_WITHIN_95X140_REFERENCE_ENVELOPE,138.0,144.0,290.0,145.0,-145.0,NOT_FULLY_EVALUATED,0,FAIL,BELT_NOMINAL_LT_13|BELT_RESIDUAL_LT_8
S2-INCC-OUTOO-SHIFT01.50,2,C,O,C,O,15.5,-15.5,47.0,-47.0,87.5,-87.5,1.5,0.0,0.0,2.0,12.5,7.5,21.5,16.5,13.0,10.5,22.0,19.5,12.0,PASS_WITHIN_95X140_REFERENCE_ENVELOPE,138.0,144.0,290.0,145.0,-145.0,NOT_FULLY_EVALUATED,0,FAIL,BELT_NOMINAL_LT_13|BELT_RESIDUAL_LT_8
S2-INCC-OUTCC-SHIFT01.75,2,C,C,C,C,15.75,-15.75,47.0,-47.0,87.5,-87.5,1.75,0.0,0.0,2.5,12.25,7.25,15.5,10.5,12.75,10.25,16.0,13.5,12.0,PASS_WITHIN_95X140_REFERENCE_ENVELOPE,137.75,143.75,290.0,145.0,-145.0,NOT_FULLY_EVALUATED,0,FAIL,BELT_NOMINAL_LT_13|BELT_RESIDUAL_LT_8
S2-INCC-OUTCO-SHIFT01.75,2,C,C,C,O,15.75,-15.75,47.0,-47.0,87.5,-87.5,1.75,0.0,0.0,2.5,12.25,7.25,15.5,10.5,12.75,10.25,16.0,13.5,12.0,PASS_WITHIN_95X140_REFERENCE_ENVELOPE,137.75,143.75,290.0,145.0,-145.0,NOT_FULLY_EVALUATED,0,FAIL,BELT_NOMINAL_LT_13|BELT_RESIDUAL_LT_8
S2-INCC-OUTOC-SHIFT01.75,2,C,O,C,C,15.75,-15.75,47.0,-47.0,87.5,-87.5,1.75,0.0,0.0,2.5,12.25,7.25,15.5,10.5,12.75,10.25,16.0,13.5,12.0,PASS_WITHIN_95X140_REFERENCE_ENVELOPE,137.75,143.75,290.0,145.0,-145.0,NOT_FULLY_EVALUATED,0,FAIL,BELT_NOMINAL_LT_13|BELT_RESIDUAL_LT_8
S2-INCC-OUTOO-SHIFT01.75,2,C,O,C,O,15.75,-15.75,47.0,-47.0,87.5,-87.5,1.75,0.0,0.0,2.5,12.25,7.25,21.5,16.5,12.75,10.25,22.0,19.5,12.0,PASS_WITHIN_95X140_REFERENCE_ENVELOPE,137.75,143.75,290.0,145.0,-145.0,NOT_FULLY_EVALUATED,0,FAIL,BELT_NOMINAL_LT_13|BELT_RESIDUAL_LT_8
S2-INCC-OUTCC-SHIFT02.00,2,C,C,C,C,16.0,-16.0,47.0,-47.0,87.5,-87.5,2.0,0.0,0.0,3.0,12.0,7.0,15.5,10.5,12.5,10.0,16.0,13.5,12.0,PASS_WITHIN_95X140_REFERENCE_ENVELOPE,137.5,143.5,290.0,145.0,-145.0,NOT_FULLY_EVALUATED,0,FAIL,BELT_NOMINAL_LT_13|BELT_RESIDUAL_LT_8
S2-INCC-OUTCO-SHIFT02.00,2,C,C,C,O,16.0,-16.0,47.0,-47.0,87.5,-87.5,2.0,0.0,0.0,3.0,12.0,7.0,15.5,10.5,12.5,10.0,16.0,13.5,12.0,PASS_WITHIN_95X140_REFERENCE_ENVELOPE,137.5,143.5,290.0,145.0,-145.0,NOT_FULLY_EVALUATED,0,FAIL,BELT_NOMINAL_LT_13|BELT_RESIDUAL_LT_8
S2-INCC-OUTOC-SHIFT02.00,2,C,O,C,C,16.0,-16.0,47.0,-47.0,87.5,-87.5,2.0,0.0,0.0,3.0,12.0,7.0,15.5,10.5,12.5,10.0,16.0,13.5,12.0,PASS_WITHIN_95X140_REFERENCE_ENVELOPE,137.5,143.5,290.0,145.0,-145.0,NOT_FULLY_EVALUATED,0,FAIL,BELT_NOMINAL_LT_13|BELT_RESIDUAL_LT_8
S2-INCC-OUTOO-SHIFT02.00,2,C,O,C,O,16.0,-16.0,47.0,-47.0,87.5,-87.5,2.0,0.0,0.0,3.0,12.0,7.0,21.5,16.5,12.5,10.0,22.0,19.5,12.0,PASS_WITHIN_95X140_REFERENCE_ENVELOPE,137.5,143.5,290.0,145.0,-145.0,NOT_FULLY_EVALUATED,0,FAIL,BELT_NOMINAL_LT_13|BELT_RESIDUAL_LT_8
S2-INCC-OUTCC-SHIFT03.00,2,C,C,C,C,17.0,-17.0,47.0,-47.0,87.5,-87.5,3.0,0.0,0.0,5.0,11.0,6.0,15.5,10.5,11.5,9.0,16.0,13.5,12.0,PASS_WITHIN_95X140_REFERENCE_ENVELOPE,136.5,142.5,290.0,145.0,-145.0,NOT_FULLY_EVALUATED,0,FAIL,BELT_NOMINAL_LT_13|BELT_RESIDUAL_LT_8
S2-INCC-OUTCO-SHIFT03.00,2,C,C,C,O,17.0,-17.0,47.0,-47.0,87.5,-87.5,3.0,0.0,0.0,5.0,11.0,6.0,15.5,10.5,11.5,9.0,16.0,13.5,12.0,PASS_WITHIN_95X140_REFERENCE_ENVELOPE,136.5,142.5,290.0,145.0,-145.0,NOT_FULLY_EVALUATED,0,FAIL,BELT_NOMINAL_LT_13|BELT_RESIDUAL_LT_8
S2-INCC-OUTOC-SHIFT03.00,2,C,O,C,C,17.0,-17.0,47.0,-47.0,87.5,-87.5,3.0,0.0,0.0,5.0,11.0,6.0,15.5,10.5,11.5,9.0,16.0,13.5,12.0,PASS_WITHIN_95X140_REFERENCE_ENVELOPE,136.5,142.5,290.0,145.0,-145.0,NOT_FULLY_EVALUATED,0,FAIL,BELT_NOMINAL_LT_13|BELT_RESIDUAL_LT_8
S2-INCC-OUTOO-SHIFT03.00,2,C,O,C,O,17.0,-17.0,47.0,-47.0,87.5,-87.5,3.0,0.0,0.0,5.0,11.0,6.0,21.5,16.5,11.5,9.0,22.0,19.5,12.0,PASS_WITHIN_95X140_REFERENCE_ENVELOPE,136.5,142.5,290.0,145.0,-145.0,NOT_FULLY_EVALUATED,0,FAIL,BELT_NOMINAL_LT_13|BELT_RESIDUAL_LT_8
S2-INCC-OUTCC-SHIFT04.00,2,C,C,C,C,18.0,-18.0,47.0,-47.0,87.5,-87.5,4.0,0.0,0.0,7.0,10.0,5.0,15.5,10.5,10.5,8.0,16.0,13.5,12.0,PASS_WITHIN_95X140_REFERENCE_ENVELOPE,135.5,141.5,290.0,145.0,-145.0,NOT_FULLY_EVALUATED,0,FAIL,BELT_NOMINAL_LT_13|BELT_RESIDUAL_LT_8
S2-INCC-OUTCO-SHIFT04.00,2,C,C,C,O,18.0,-18.0,47.0,-47.0,87.5,-87.5,4.0,0.0,0.0,7.0,10.0,5.0,15.5,10.5,10.5,8.0,16.0,13.5,12.0,PASS_WITHIN_95X140_REFERENCE_ENVELOPE,135.5,141.5,290.0,145.0,-145.0,NOT_FULLY_EVALUATED,0,FAIL,BELT_NOMINAL_LT_13|BELT_RESIDUAL_LT_8
S2-INCC-OUTOC-SHIFT04.00,2,C,O,C,C,18.0,-18.0,47.0,-47.0,87.5,-87.5,4.0,0.0,0.0,7.0,10.0,5.0,15.5,10.5,10.5,8.0,16.0,13.5,12.0,PASS_WITHIN_95X140_REFERENCE_ENVELOPE,135.5,141.5,290.0,145.0,-145.0,NOT_FULLY_EVALUATED,0,FAIL,BELT_NOMINAL_LT_13|BELT_RESIDUAL_LT_8
S2-INCC-OUTOO-SHIFT04.00,2,C,O,C,O,18.0,-18.0,47.0,-47.0,87.5,-87.5,4.0,0.0,0.0,7.0,10.0,5.0,21.5,16.5,10.5,8.0,22.0,19.5,12.0,PASS_WITHIN_95X140_REFERENCE_ENVELOPE,135.5,141.5,290.0,145.0,-145.0,NOT_FULLY_EVALUATED,0,FAIL,BELT_NOMINAL_LT_13|BELT_RESIDUAL_LT_8
S2-INCC-OUTCC-SHIFT05.00,2,C,C,C,C,19.0,-19.0,47.0,-47.0,87.5,-87.5,5.0,0.0,0.0,9.0,9.0,4.0,15.5,10.5,9.5,7.0,16.0,13.5,12.0,PASS_WITHIN_95X140_REFERENCE_ENVELOPE,134.5,140.5,290.0,145.0,-145.0,NOT_FULLY_EVALUATED,0,FAIL,BELT_NOMINAL_LT_13|BELT_RESIDUAL_LT_8|PULLEY_CLEARANCE_LT_10
S2-INCC-OUTCO-SHIFT05.00,2,C,C,C,O,19.0,-19.0,47.0,-47.0,87.5,-87.5,5.0,0.0,0.0,9.0,9.0,4.0,15.5,10.5,9.5,7.0,16.0,13.5,12.0,PASS_WITHIN_95X140_REFERENCE_ENVELOPE,134.5,140.5,290.0,145.0,-145.0,NOT_FULLY_EVALUATED,0,FAIL,BELT_NOMINAL_LT_13|BELT_RESIDUAL_LT_8|PULLEY_CLEARANCE_LT_10
S2-INCC-OUTOC-SHIFT05.00,2,C,O,C,C,19.0,-19.0,47.0,-47.0,87.5,-87.5,5.0,0.0,0.0,9.0,9.0,4.0,15.5,10.5,9.5,7.0,16.0,13.5,12.0,PASS_WITHIN_95X140_REFERENCE_ENVELOPE,134.5,140.5,290.0,145.0,-145.0,NOT_FULLY_EVALUATED,0,FAIL,BELT_NOMINAL_LT_13|BELT_RESIDUAL_LT_8|PULLEY_CLEARANCE_LT_10
S2-INCC-OUTOO-SHIFT05.00,2,C,O,C,O,19.0,-19.0,47.0,-47.0,87.5,-87.5,5.0,0.0,0.0,9.0,9.0,4.0,21.5,16.5,9.5,7.0,22.0,19.5,12.0,PASS_WITHIN_95X140_REFERENCE_ENVELOPE,134.5,140.5,290.0,145.0,-145.0,NOT_FULLY_EVALUATED,0,FAIL,BELT_NOMINAL_LT_13|BELT_RESIDUAL_LT_8|PULLEY_CLEARANCE_LT_10
S2-INCC-OUTCC-SHIFT06.00,2,C,C,C,C,20.0,-20.0,47.0,-47.0,87.5,-87.5,6.0,0.0,0.0,11.0,8.0,3.0,15.5,10.5,8.5,6.0,16.0,13.5,12.0,PASS_WITHIN_95X140_REFERENCE_ENVELOPE,133.5,139.5,290.0,145.0,-145.0,NOT_FULLY_EVALUATED,0,FAIL,BELT_NOMINAL_LT_13|BELT_RESIDUAL_LT_8|PULLEY_CLEARANCE_LT_10
S2-INCC-OUTCO-SHIFT06.00,2,C,C,C,O,20.0,-20.0,47.0,-47.0,87.5,-87.5,6.0,0.0,0.0,11.0,8.0,3.0,15.5,10.5,8.5,6.0,16.0,13.5,12.0,PASS_WITHIN_95X140_REFERENCE_ENVELOPE,133.5,139.5,290.0,145.0,-145.0,NOT_FULLY_EVALUATED,0,FAIL,BELT_NOMINAL_LT_13|BELT_RESIDUAL_LT_8|PULLEY_CLEARANCE_LT_10
S2-INCC-OUTOC-SHIFT06.00,2,C,O,C,C,20.0,-20.0,47.0,-47.0,87.5,-87.5,6.0,0.0,0.0,11.0,8.0,3.0,15.5,10.5,8.5,6.0,16.0,13.5,12.0,PASS_WITHIN_95X140_REFERENCE_ENVELOPE,133.5,139.5,290.0,145.0,-145.0,NOT_FULLY_EVALUATED,0,FAIL,BELT_NOMINAL_LT_13|BELT_RESIDUAL_LT_8|PULLEY_CLEARANCE_LT_10
S2-INCC-OUTOO-SHIFT06.00,2,C,O,C,O,20.0,-20.0,47.0,-47.0,87.5,-87.5,6.0,0.0,0.0,11.0,8.0,3.0,21.5,16.5,8.5,6.0,22.0,19.5,12.0,PASS_WITHIN_95X140_REFERENCE_ENVELOPE,133.5,139.5,290.0,145.0,-145.0,NOT_FULLY_EVALUATED,0,FAIL,BELT_NOMINAL_LT_13|BELT_RESIDUAL_LT_8|PULLEY_CLEARANCE_LT_10
S2-INCC-OUTCC-SHIFT07.00,2,C,C,C,C,21.0,-21.0,47.0,-47.0,87.5,-87.5,7.0,0.0,0.0,13.0,7.0,2.0,15.5,10.5,7.5,5.0,16.0,13.5,12.0,PASS_WITHIN_95X140_REFERENCE_ENVELOPE,132.5,138.5,290.0,145.0,-145.0,NOT_FULLY_EVALUATED,0,FAIL,BELT_NOMINAL_LT_13|BELT_RESIDUAL_LT_8|PULLEY_CLEARANCE_LT_10
S2-INCC-OUTCO-SHIFT07.00,2,C,C,C,O,21.0,-21.0,47.0,-47.0,87.5,-87.5,7.0,0.0,0.0,13.0,7.0,2.0,15.5,10.5,7.5,5.0,16.0,13.5,12.0,PASS_WITHIN_95X140_REFERENCE_ENVELOPE,132.5,138.5,290.0,145.0,-145.0,NOT_FULLY_EVALUATED,0,FAIL,BELT_NOMINAL_LT_13|BELT_RESIDUAL_LT_8|PULLEY_CLEARANCE_LT_10
S2-INCC-OUTOC-SHIFT07.00,2,C,O,C,C,21.0,-21.0,47.0,-47.0,87.5,-87.5,7.0,0.0,0.0,13.0,7.0,2.0,15.5,10.5,7.5,5.0,16.0,13.5,12.0,PASS_WITHIN_95X140_REFERENCE_ENVELOPE,132.5,138.5,290.0,145.0,-145.0,NOT_FULLY_EVALUATED,0,FAIL,BELT_NOMINAL_LT_13|BELT_RESIDUAL_LT_8|PULLEY_CLEARANCE_LT_10
S2-INCC-OUTOO-SHIFT07.00,2,C,O,C,O,21.0,-21.0,47.0,-47.0,87.5,-87.5,7.0,0.0,0.0,13.0,7.0,2.0,21.5,16.5,7.5,5.0,22.0,19.5,12.0,PASS_WITHIN_95X140_REFERENCE_ENVELOPE,132.5,138.5,290.0,145.0,-145.0,NOT_FULLY_EVALUATED,0,FAIL,BELT_NOMINAL_LT_13|BELT_RESIDUAL_LT_8|PULLEY_CLEARANCE_LT_10
S2-INCC-OUTCC-SHIFT08.00,2,C,C,C,C,22.0,-22.0,47.0,-47.0,87.5,-87.5,8.0,0.0,0.0,15.0,6.0,1.0,15.5,10.5,6.5,4.0,16.0,13.5,12.0,PASS_WITHIN_95X140_REFERENCE_ENVELOPE,131.5,137.5,290.0,145.0,-145.0,NOT_FULLY_EVALUATED,0,FAIL,BELT_NOMINAL_LT_13|BELT_RESIDUAL_LT_8|PULLEY_CLEARANCE_LT_10
S2-INCC-OUTCO-SHIFT08.00,2,C,C,C,O,22.0,-22.0,47.0,-47.0,87.5,-87.5,8.0,0.0,0.0,15.0,6.0,1.0,15.5,10.5,6.5,4.0,16.0,13.5,12.0,PASS_WITHIN_95X140_REFERENCE_ENVELOPE,131.5,137.5,290.0,145.0,-145.0,NOT_FULLY_EVALUATED,0,FAIL,BELT_NOMINAL_LT_13|BELT_RESIDUAL_LT_8|PULLEY_CLEARANCE_LT_10
S2-INCC-OUTOC-SHIFT08.00,2,C,O,C,C,22.0,-22.0,47.0,-47.0,87.5,-87.5,8.0,0.0,0.0,15.0,6.0,1.0,15.5,10.5,6.5,4.0,16.0,13.5,12.0,PASS_WITHIN_95X140_REFERENCE_ENVELOPE,131.5,137.5,290.0,145.0,-145.0,NOT_FULLY_EVALUATED,0,FAIL,BELT_NOMINAL_LT_13|BELT_RESIDUAL_LT_8|PULLEY_CLEARANCE_LT_10
S2-INCC-OUTOO-SHIFT08.00,2,C,O,C,O,22.0,-22.0,47.0,-47.0,87.5,-87.5,8.0,0.0,0.0,15.0,6.0,1.0,21.5,16.5,6.5,4.0,22.0,19.5,12.0,PASS_WITHIN_95X140_REFERENCE_ENVELOPE,131.5,137.5,290.0,145.0,-145.0,NOT_FULLY_EVALUATED,0,FAIL,BELT_NOMINAL_LT_13|BELT_RESIDUAL_LT_8|PULLEY_CLEARANCE_LT_10
S2-INCC-OUTCC-SHIFT09.00,2,C,C,C,C,23.0,-23.0,47.0,-47.0,87.5,-87.5,9.0,0.0,0.0,17.0,5.0,0.0,15.5,10.5,5.5,3.0,16.0,13.5,12.0,PASS_WITHIN_95X140_REFERENCE_ENVELOPE,130.5,136.5,290.0,145.0,-145.0,NOT_FULLY_EVALUATED,0,FAIL,BELT_NOMINAL_LT_13|BELT_RESIDUAL_LT_8|PULLEY_CLEARANCE_LT_10
S2-INCC-OUTCO-SHIFT09.00,2,C,C,C,O,23.0,-23.0,47.0,-47.0,87.5,-87.5,9.0,0.0,0.0,17.0,5.0,0.0,15.5,10.5,5.5,3.0,16.0,13.5,12.0,PASS_WITHIN_95X140_REFERENCE_ENVELOPE,130.5,136.5,290.0,145.0,-145.0,NOT_FULLY_EVALUATED,0,FAIL,BELT_NOMINAL_LT_13|BELT_RESIDUAL_LT_8|PULLEY_CLEARANCE_LT_10
S2-INCC-OUTOC-SHIFT09.00,2,C,O,C,C,23.0,-23.0,47.0,-47.0,87.5,-87.5,9.0,0.0,0.0,17.0,5.0,0.0,15.5,10.5,5.5,3.0,16.0,13.5,12.0,PASS_WITHIN_95X140_REFERENCE_ENVELOPE,130.5,136.5,290.0,145.0,-145.0,NOT_FULLY_EVALUATED,0,FAIL,BELT_NOMINAL_LT_13|BELT_RESIDUAL_LT_8|PULLEY_CLEARANCE_LT_10
S2-INCC-OUTOO-SHIFT09.00,2,C,O,C,O,23.0,-23.0,47.0,-47.0,87.5,-87.5,9.0,0.0,0.0,17.0,5.0,0.0,21.5,16.5,5.5,3.0,22.0,19.5,12.0,PASS_WITHIN_95X140_REFERENCE_ENVELOPE,130.5,136.5,290.0,145.0,-145.0,NOT_FULLY_EVALUATED,0,FAIL,BELT_NOMINAL_LT_13|BELT_RESIDUAL_LT_8|PULLEY_CLEARANCE_LT_10
S2-INCC-OUTCC-SHIFT10.00,2,C,C,C,C,24.0,-24.0,47.0,-47.0,87.5,-87.5,10.0,0.0,0.0,19.0,4.0,-1.0,15.5,10.5,4.5,2.0,16.0,13.5,12.0,PASS_WITHIN_95X140_REFERENCE_ENVELOPE,129.5,135.5,290.0,145.0,-145.0,NOT_FULLY_EVALUATED,0,FAIL,BELT_NOMINAL_LT_13|BELT_RESIDUAL_LT_8|PULLEY_CLEARANCE_LT_10
S2-INCC-OUTCO-SHIFT10.00,2,C,C,C,O,24.0,-24.0,47.0,-47.0,87.5,-87.5,10.0,0.0,0.0,19.0,4.0,-1.0,15.5,10.5,4.5,2.0,16.0,13.5,12.0,PASS_WITHIN_95X140_REFERENCE_ENVELOPE,129.5,135.5,290.0,145.0,-145.0,NOT_FULLY_EVALUATED,0,FAIL,BELT_NOMINAL_LT_13|BELT_RESIDUAL_LT_8|PULLEY_CLEARANCE_LT_10
S2-INCC-OUTOC-SHIFT10.00,2,C,O,C,C,24.0,-24.0,47.0,-47.0,87.5,-87.5,10.0,0.0,0.0,19.0,4.0,-1.0,15.5,10.5,4.5,2.0,16.0,13.5,12.0,PASS_WITHIN_95X140_REFERENCE_ENVELOPE,129.5,135.5,290.0,145.0,-145.0,NOT_FULLY_EVALUATED,0,FAIL,BELT_NOMINAL_LT_13|BELT_RESIDUAL_LT_8|PULLEY_CLEARANCE_LT_10
S2-INCC-OUTOO-SHIFT10.00,2,C,O,C,O,24.0,-24.0,47.0,-47.0,87.5,-87.5,10.0,0.0,0.0,19.0,4.0,-1.0,21.5,16.5,4.5,2.0,22.0,19.5,12.0,PASS_WITHIN_95X140_REFERENCE_ENVELOPE,129.5,135.5,290.0,145.0,-145.0,NOT_FULLY_EVALUATED,0,FAIL,BELT_NOMINAL_LT_13|BELT_RESIDUAL_LT_8|PULLEY_CLEARANCE_LT_10
S2-INCC-OUTCC-SHIFT11.00,2,C,C,C,C,25.0,-25.0,47.0,-47.0,87.5,-87.5,11.0,0.0,0.0,21.0,3.0,-2.0,15.5,10.5,3.5,1.0,16.0,13.5,12.0,PASS_WITHIN_95X140_REFERENCE_ENVELOPE,128.5,134.5,290.0,145.0,-145.0,NOT_FULLY_EVALUATED,0,FAIL,BELT_NOMINAL_LT_13|BELT_RESIDUAL_LT_8|PULLEY_CLEARANCE_LT_10
S2-INCC-OUTCO-SHIFT11.00,2,C,C,C,O,25.0,-25.0,47.0,-47.0,87.5,-87.5,11.0,0.0,0.0,21.0,3.0,-2.0,15.5,10.5,3.5,1.0,16.0,13.5,12.0,PASS_WITHIN_95X140_REFERENCE_ENVELOPE,128.5,134.5,290.0,145.0,-145.0,NOT_FULLY_EVALUATED,0,FAIL,BELT_NOMINAL_LT_13|BELT_RESIDUAL_LT_8|PULLEY_CLEARANCE_LT_10
S2-INCC-OUTOC-SHIFT11.00,2,C,O,C,C,25.0,-25.0,47.0,-47.0,87.5,-87.5,11.0,0.0,0.0,21.0,3.0,-2.0,15.5,10.5,3.5,1.0,16.0,13.5,12.0,PASS_WITHIN_95X140_REFERENCE_ENVELOPE,128.5,134.5,290.0,145.0,-145.0,NOT_FULLY_EVALUATED,0,FAIL,BELT_NOMINAL_LT_13|BELT_RESIDUAL_LT_8|PULLEY_CLEARANCE_LT_10
S2-INCC-OUTOO-SHIFT11.00,2,C,O,C,O,25.0,-25.0,47.0,-47.0,87.5,-87.5,11.0,0.0,0.0,21.0,3.0,-2.0,21.5,16.5,3.5,1.0,22.0,19.5,12.0,PASS_WITHIN_95X140_REFERENCE_ENVELOPE,128.5,134.5,290.0,145.0,-145.0,NOT_FULLY_EVALUATED,0,FAIL,BELT_NOMINAL_LT_13|BELT_RESIDUAL_LT_8|PULLEY_CLEARANCE_LT_10
S2-INCC-OUTCC-SHIFT12.00,2,C,C,C,C,26.0,-26.0,47.0,-47.0,87.5,-87.5,12.0,0.0,0.0,23.0,2.0,-3.0,15.5,10.5,2.5,0.0,16.0,13.5,12.0,PASS_WITHIN_95X140_REFERENCE_ENVELOPE,127.5,133.5,290.0,145.0,-145.0,NOT_FULLY_EVALUATED,0,FAIL,BELT_NOMINAL_LT_13|BELT_RESIDUAL_LT_8|PULLEY_CLEARANCE_LT_10
S2-INCC-OUTCO-SHIFT12.00,2,C,C,C,O,26.0,-26.0,47.0,-47.0,87.5,-87.5,12.0,0.0,0.0,23.0,2.0,-3.0,15.5,10.5,2.5,0.0,16.0,13.5,12.0,PASS_WITHIN_95X140_REFERENCE_ENVELOPE,127.5,133.5,290.0,145.0,-145.0,NOT_FULLY_EVALUATED,0,FAIL,BELT_NOMINAL_LT_13|BELT_RESIDUAL_LT_8|PULLEY_CLEARANCE_LT_10
S2-INCC-OUTOC-SHIFT12.00,2,C,O,C,C,26.0,-26.0,47.0,-47.0,87.5,-87.5,12.0,0.0,0.0,23.0,2.0,-3.0,15.5,10.5,2.5,0.0,16.0,13.5,12.0,PASS_WITHIN_95X140_REFERENCE_ENVELOPE,127.5,133.5,290.0,145.0,-145.0,NOT_FULLY_EVALUATED,0,FAIL,BELT_NOMINAL_LT_13|BELT_RESIDUAL_LT_8|PULLEY_CLEARANCE_LT_10
S2-INCC-OUTOO-SHIFT12.00,2,C,O,C,O,26.0,-26.0,47.0,-47.0,87.5,-87.5,12.0,0.0,0.0,23.0,2.0,-3.0,21.5,16.5,2.5,0.0,22.0,19.5,12.0,PASS_WITHIN_95X140_REFERENCE_ENVELOPE,127.5,133.5,290.0,145.0,-145.0,NOT_FULLY_EVALUATED,0,FAIL,BELT_NOMINAL_LT_13|BELT_RESIDUAL_LT_8|PULLEY_CLEARANCE_LT_10
S3-IN00-P-06,3,C,O,C,O,14.0,-14.0,41.0,-41.0,87.5,-87.5,0.0,-6.0,0.0,-1.0,8.0,3.0,27.5,22.5,8.5,6.0,28.0,25.5,12.0,PASS_WITHIN_95X140_REFERENCE_ENVELOPE,139.5,145.5,290.0,145.0,-145.0,NOT_FULLY_EVALUATED,0,FAIL,CENTER_CLEARANCE_LT_1|BELT_NOMINAL_LT_13|BELT_RESIDUAL_LT_8|PULLEY_CLEARANCE_LT_10
S3-IN00-P-05,3,C,O,C,O,14.0,-14.0,42.0,-42.0,87.5,-87.5,0.0,-5.0,0.0,-1.0,9.0,4.0,26.5,21.5,9.5,7.0,27.0,24.5,12.0,PASS_WITHIN_95X140_REFERENCE_ENVELOPE,139.5,145.5,290.0,145.0,-145.0,NOT_FULLY_EVALUATED,0,FAIL,CENTER_CLEARANCE_LT_1|BELT_NOMINAL_LT_13|BELT_RESIDUAL_LT_8|PULLEY_CLEARANCE_LT_10
S3-IN00-P-04,3,C,O,C,O,14.0,-14.0,43.0,-43.0,87.5,-87.5,0.0,-4.0,0.0,-1.0,10.0,5.0,25.5,20.5,10.5,8.0,26.0,23.5,12.0,PASS_WITHIN_95X140_REFERENCE_ENVELOPE,139.5,145.5,290.0,145.0,-145.0,NOT_FULLY_EVALUATED,0,FAIL,CENTER_CLEARANCE_LT_1|BELT_NOMINAL_LT_13|BELT_RESIDUAL_LT_8
S3-IN00-P-03,3,C,O,C,O,14.0,-14.0,44.0,-44.0,87.5,-87.5,0.0,-3.0,0.0,-1.0,11.0,6.0,24.5,19.5,11.5,9.0,25.0,22.5,12.0,PASS_WITHIN_95X140_REFERENCE_ENVELOPE,139.5,145.5,290.0,145.0,-145.0,NOT_FULLY_EVALUATED,0,FAIL,CENTER_CLEARANCE_LT_1|BELT_NOMINAL_LT_13|BELT_RESIDUAL_LT_8
S3-IN00-P-02,3,C,O,C,O,14.0,-14.0,45.0,-45.0,87.5,-87.5,0.0,-2.0,0.0,-1.0,12.0,7.0,23.5,18.5,12.5,10.0,24.0,21.5,12.0,PASS_WITHIN_95X140_REFERENCE_ENVELOPE,139.5,145.5,290.0,145.0,-145.0,NOT_FULLY_EVALUATED,0,FAIL,CENTER_CLEARANCE_LT_1|BELT_NOMINAL_LT_13|BELT_RESIDUAL_LT_8
S3-IN00-P-01,3,C,O,C,O,14.0,-14.0,46.0,-46.0,87.5,-87.5,0.0,-1.0,0.0,-1.0,13.0,8.0,22.5,17.5,13.5,11.0,23.0,20.5,12.0,PASS_WITHIN_95X140_REFERENCE_ENVELOPE,139.5,145.5,290.0,145.0,-145.0,NOT_FULLY_EVALUATED,0,FAIL,CENTER_CLEARANCE_LT_1
S3-IN00-P+00,3,C,O,C,O,14.0,-14.0,47.0,-47.0,87.5,-87.5,0.0,0.0,0.0,-1.0,14.0,9.0,21.5,16.5,14.5,12.0,22.0,19.5,12.0,PASS_WITHIN_95X140_REFERENCE_ENVELOPE,139.5,145.5,290.0,145.0,-145.0,NOT_FULLY_EVALUATED,0,FAIL,CENTER_CLEARANCE_LT_1
S3-IN00-P+01,3,C,O,C,O,14.0,-14.0,48.0,-48.0,87.5,-87.5,0.0,1.0,0.0,-1.0,15.0,10.0,20.5,15.5,15.5,13.0,21.0,18.5,12.0,PASS_WITHIN_95X140_REFERENCE_ENVELOPE,139.5,145.5,290.0,145.0,-145.0,NOT_FULLY_EVALUATED,0,FAIL,CENTER_CLEARANCE_LT_1
S3-IN00-P+02,3,C,O,C,O,14.0,-14.0,49.0,-49.0,87.5,-87.5,0.0,2.0,0.0,-1.0,16.0,11.0,19.5,14.5,16.5,14.0,20.0,17.5,12.0,PASS_WITHIN_95X140_REFERENCE_ENVELOPE,139.5,145.5,290.0,145.0,-145.0,NOT_FULLY_EVALUATED,0,FAIL,CENTER_CLEARANCE_LT_1
S3-IN00-P+03,3,C,O,C,O,14.0,-14.0,50.0,-50.0,87.5,-87.5,0.0,3.0,0.0,-1.0,17.0,12.0,18.5,13.5,17.5,15.0,19.0,16.5,12.0,PASS_WITHIN_95X140_REFERENCE_ENVELOPE,139.5,145.5,290.0,145.0,-145.0,NOT_FULLY_EVALUATED,0,FAIL,CENTER_CLEARANCE_LT_1
S3-IN00-P+04,3,C,O,C,O,14.0,-14.0,51.0,-51.0,87.5,-87.5,0.0,4.0,0.0,-1.0,18.0,13.0,17.5,12.5,18.5,16.0,18.0,15.5,12.0,PASS_WITHIN_95X140_REFERENCE_ENVELOPE,139.5,145.5,290.0,145.0,-145.0,NOT_FULLY_EVALUATED,0,FAIL,CENTER_CLEARANCE_LT_1
S3-IN00-P+05,3,C,O,C,O,14.0,-14.0,52.0,-52.0,87.5,-87.5,0.0,5.0,0.0,-1.0,19.0,14.0,16.5,11.5,19.5,17.0,17.0,14.5,12.0,PASS_WITHIN_95X140_REFERENCE_ENVELOPE,139.5,145.5,290.0,145.0,-145.0,NOT_FULLY_EVALUATED,0,FAIL,CENTER_CLEARANCE_LT_1
S3-IN00-P+06,3,C,O,C,O,14.0,-14.0,53.0,-53.0,87.5,-87.5,0.0,6.0,0.0,-1.0,20.0,15.0,15.5,10.5,20.5,18.0,16.0,13.5,12.0,PASS_WITHIN_95X140_REFERENCE_ENVELOPE,139.5,145.5,290.0,145.0,-145.0,NOT_FULLY_EVALUATED,0,FAIL,CENTER_CLEARANCE_LT_1
S3-IN01-P-06,3,C,O,C,O,15.0,-15.0,41.0,-41.0,87.5,-87.5,1.0,-6.0,0.0,1.0,7.0,2.0,27.5,22.5,7.5,5.0,28.0,25.5,12.0,PASS_WITHIN_95X140_REFERENCE_ENVELOPE,138.5,144.5,290.0,145.0,-145.0,NOT_FULLY_EVALUATED,0,FAIL,BELT_NOMINAL_LT_13|BELT_RESIDUAL_LT_8|PULLEY_CLEARANCE_LT_10
S3-IN01-P-05,3,C,O,C,O,15.0,-15.0,42.0,-42.0,87.5,-87.5,1.0,-5.0,0.0,1.0,8.0,3.0,26.5,21.5,8.5,6.0,27.0,24.5,12.0,PASS_WITHIN_95X140_REFERENCE_ENVELOPE,138.5,144.5,290.0,145.0,-145.0,NOT_FULLY_EVALUATED,0,FAIL,BELT_NOMINAL_LT_13|BELT_RESIDUAL_LT_8|PULLEY_CLEARANCE_LT_10
S3-IN01-P-04,3,C,O,C,O,15.0,-15.0,43.0,-43.0,87.5,-87.5,1.0,-4.0,0.0,1.0,9.0,4.0,25.5,20.5,9.5,7.0,26.0,23.5,12.0,PASS_WITHIN_95X140_REFERENCE_ENVELOPE,138.5,144.5,290.0,145.0,-145.0,NOT_FULLY_EVALUATED,0,FAIL,BELT_NOMINAL_LT_13|BELT_RESIDUAL_LT_8|PULLEY_CLEARANCE_LT_10
S3-IN01-P-03,3,C,O,C,O,15.0,-15.0,44.0,-44.0,87.5,-87.5,1.0,-3.0,0.0,1.0,10.0,5.0,24.5,19.5,10.5,8.0,25.0,22.5,12.0,PASS_WITHIN_95X140_REFERENCE_ENVELOPE,138.5,144.5,290.0,145.0,-145.0,NOT_FULLY_EVALUATED,0,FAIL,BELT_NOMINAL_LT_13|BELT_RESIDUAL_LT_8
S3-IN01-P-02,3,C,O,C,O,15.0,-15.0,45.0,-45.0,87.5,-87.5,1.0,-2.0,0.0,1.0,11.0,6.0,23.5,18.5,11.5,9.0,24.0,21.5,12.0,PASS_WITHIN_95X140_REFERENCE_ENVELOPE,138.5,144.5,290.0,145.0,-145.0,NOT_FULLY_EVALUATED,0,FAIL,BELT_NOMINAL_LT_13|BELT_RESIDUAL_LT_8
S3-IN01-P-01,3,C,O,C,O,15.0,-15.0,46.0,-46.0,87.5,-87.5,1.0,-1.0,0.0,1.0,12.0,7.0,22.5,17.5,12.5,10.0,23.0,20.5,12.0,PASS_WITHIN_95X140_REFERENCE_ENVELOPE,138.5,144.5,290.0,145.0,-145.0,NOT_FULLY_EVALUATED,0,FAIL,BELT_NOMINAL_LT_13|BELT_RESIDUAL_LT_8
S3-IN01-P+00,3,C,O,C,O,15.0,-15.0,47.0,-47.0,87.5,-87.5,1.0,0.0,0.0,1.0,13.0,8.0,21.5,16.5,13.5,11.0,22.0,19.5,12.0,PASS_WITHIN_95X140_REFERENCE_ENVELOPE,138.5,144.5,290.0,145.0,-145.0,NOT_FULLY_EVALUATED,0,CONDITIONAL_PASS_CANDIDATE,
S3-IN01-P+01,3,C,O,C,O,15.0,-15.0,48.0,-48.0,87.5,-87.5,1.0,1.0,0.0,1.0,14.0,9.0,20.5,15.5,14.5,12.0,21.0,18.5,12.0,PASS_WITHIN_95X140_REFERENCE_ENVELOPE,138.5,144.5,290.0,145.0,-145.0,NOT_FULLY_EVALUATED,0,CONDITIONAL_PASS_CANDIDATE,
S3-IN01-P+02,3,C,O,C,O,15.0,-15.0,49.0,-49.0,87.5,-87.5,1.0,2.0,0.0,1.0,15.0,10.0,19.5,14.5,15.5,13.0,20.0,17.5,12.0,PASS_WITHIN_95X140_REFERENCE_ENVELOPE,138.5,144.5,290.0,145.0,-145.0,NOT_FULLY_EVALUATED,0,CONDITIONAL_PASS_CANDIDATE,
S3-IN01-P+03,3,C,O,C,O,15.0,-15.0,50.0,-50.0,87.5,-87.5,1.0,3.0,0.0,1.0,16.0,11.0,18.5,13.5,16.5,14.0,19.0,16.5,12.0,PASS_WITHIN_95X140_REFERENCE_ENVELOPE,138.5,144.5,290.0,145.0,-145.0,NOT_FULLY_EVALUATED,0,CONDITIONAL_PASS_CANDIDATE,
S3-IN01-P+04,3,C,O,C,O,15.0,-15.0,51.0,-51.0,87.5,-87.5,1.0,4.0,0.0,1.0,17.0,12.0,17.5,12.5,17.5,15.0,18.0,15.5,12.0,PASS_WITHIN_95X140_REFERENCE_ENVELOPE,138.5,144.5,290.0,145.0,-145.0,NOT_FULLY_EVALUATED,0,CONDITIONAL_PASS_CANDIDATE,
S3-IN01-P+05,3,C,O,C,O,15.0,-15.0,52.0,-52.0,87.5,-87.5,1.0,5.0,0.0,1.0,18.0,13.0,16.5,11.5,18.5,16.0,17.0,14.5,12.0,PASS_WITHIN_95X140_REFERENCE_ENVELOPE,138.5,144.5,290.0,145.0,-145.0,NOT_FULLY_EVALUATED,0,CONDITIONAL_PASS_CANDIDATE,
S3-IN01-P+06,3,C,O,C,O,15.0,-15.0,53.0,-53.0,87.5,-87.5,1.0,6.0,0.0,1.0,19.0,14.0,15.5,10.5,19.5,17.0,16.0,13.5,12.0,PASS_WITHIN_95X140_REFERENCE_ENVELOPE,138.5,144.5,290.0,145.0,-145.0,NOT_FULLY_EVALUATED,0,CONDITIONAL_PASS_CANDIDATE,
S3-IN02-P-06,3,C,O,C,O,16.0,-16.0,41.0,-41.0,87.5,-87.5,2.0,-6.0,0.0,3.0,6.0,1.0,27.5,22.5,6.5,4.0,28.0,25.5,12.0,PASS_WITHIN_95X140_REFERENCE_ENVELOPE,137.5,143.5,290.0,145.0,-145.0,NOT_FULLY_EVALUATED,0,FAIL,BELT_NOMINAL_LT_13|BELT_RESIDUAL_LT_8|PULLEY_CLEARANCE_LT_10
S3-IN02-P-05,3,C,O,C,O,16.0,-16.0,42.0,-42.0,87.5,-87.5,2.0,-5.0,0.0,3.0,7.0,2.0,26.5,21.5,7.5,5.0,27.0,24.5,12.0,PASS_WITHIN_95X140_REFERENCE_ENVELOPE,137.5,143.5,290.0,145.0,-145.0,NOT_FULLY_EVALUATED,0,FAIL,BELT_NOMINAL_LT_13|BELT_RESIDUAL_LT_8|PULLEY_CLEARANCE_LT_10
S3-IN02-P-04,3,C,O,C,O,16.0,-16.0,43.0,-43.0,87.5,-87.5,2.0,-4.0,0.0,3.0,8.0,3.0,25.5,20.5,8.5,6.0,26.0,23.5,12.0,PASS_WITHIN_95X140_REFERENCE_ENVELOPE,137.5,143.5,290.0,145.0,-145.0,NOT_FULLY_EVALUATED,0,FAIL,BELT_NOMINAL_LT_13|BELT_RESIDUAL_LT_8|PULLEY_CLEARANCE_LT_10
S3-IN02-P-03,3,C,O,C,O,16.0,-16.0,44.0,-44.0,87.5,-87.5,2.0,-3.0,0.0,3.0,9.0,4.0,24.5,19.5,9.5,7.0,25.0,22.5,12.0,PASS_WITHIN_95X140_REFERENCE_ENVELOPE,137.5,143.5,290.0,145.0,-145.0,NOT_FULLY_EVALUATED,0,FAIL,BELT_NOMINAL_LT_13|BELT_RESIDUAL_LT_8|PULLEY_CLEARANCE_LT_10
S3-IN02-P-02,3,C,O,C,O,16.0,-16.0,45.0,-45.0,87.5,-87.5,2.0,-2.0,0.0,3.0,10.0,5.0,23.5,18.5,10.5,8.0,24.0,21.5,12.0,PASS_WITHIN_95X140_REFERENCE_ENVELOPE,137.5,143.5,290.0,145.0,-145.0,NOT_FULLY_EVALUATED,0,FAIL,BELT_NOMINAL_LT_13|BELT_RESIDUAL_LT_8
S3-IN02-P-01,3,C,O,C,O,16.0,-16.0,46.0,-46.0,87.5,-87.5,2.0,-1.0,0.0,3.0,11.0,6.0,22.5,17.5,11.5,9.0,23.0,20.5,12.0,PASS_WITHIN_95X140_REFERENCE_ENVELOPE,137.5,143.5,290.0,145.0,-145.0,NOT_FULLY_EVALUATED,0,FAIL,BELT_NOMINAL_LT_13|BELT_RESIDUAL_LT_8
S3-IN02-P+00,3,C,O,C,O,16.0,-16.0,47.0,-47.0,87.5,-87.5,2.0,0.0,0.0,3.0,12.0,7.0,21.5,16.5,12.5,10.0,22.0,19.5,12.0,PASS_WITHIN_95X140_REFERENCE_ENVELOPE,137.5,143.5,290.0,145.0,-145.0,NOT_FULLY_EVALUATED,0,FAIL,BELT_NOMINAL_LT_13|BELT_RESIDUAL_LT_8
S3-IN02-P+01,3,C,O,C,O,16.0,-16.0,48.0,-48.0,87.5,-87.5,2.0,1.0,0.0,3.0,13.0,8.0,20.5,15.5,13.5,11.0,21.0,18.5,12.0,PASS_WITHIN_95X140_REFERENCE_ENVELOPE,137.5,143.5,290.0,145.0,-145.0,NOT_FULLY_EVALUATED,0,CONDITIONAL_PASS_CANDIDATE,
S3-IN02-P+02,3,C,O,C,O,16.0,-16.0,49.0,-49.0,87.5,-87.5,2.0,2.0,0.0,3.0,14.0,9.0,19.5,14.5,14.5,12.0,20.0,17.5,12.0,PASS_WITHIN_95X140_REFERENCE_ENVELOPE,137.5,143.5,290.0,145.0,-145.0,NOT_FULLY_EVALUATED,0,CONDITIONAL_PASS_CANDIDATE,
S3-IN02-P+03,3,C,O,C,O,16.0,-16.0,50.0,-50.0,87.5,-87.5,2.0,3.0,0.0,3.0,15.0,10.0,18.5,13.5,15.5,13.0,19.0,16.5,12.0,PASS_WITHIN_95X140_REFERENCE_ENVELOPE,137.5,143.5,290.0,145.0,-145.0,NOT_FULLY_EVALUATED,0,CONDITIONAL_PASS_CANDIDATE,
S3-IN02-P+04,3,C,O,C,O,16.0,-16.0,51.0,-51.0,87.5,-87.5,2.0,4.0,0.0,3.0,16.0,11.0,17.5,12.5,16.5,14.0,18.0,15.5,12.0,PASS_WITHIN_95X140_REFERENCE_ENVELOPE,137.5,143.5,290.0,145.0,-145.0,NOT_FULLY_EVALUATED,0,CONDITIONAL_PASS_CANDIDATE,
S3-IN02-P+05,3,C,O,C,O,16.0,-16.0,52.0,-52.0,87.5,-87.5,2.0,5.0,0.0,3.0,17.0,12.0,16.5,11.5,17.5,15.0,17.0,14.5,12.0,PASS_WITHIN_95X140_REFERENCE_ENVELOPE,137.5,143.5,290.0,145.0,-145.0,NOT_FULLY_EVALUATED,0,CONDITIONAL_PASS_CANDIDATE,
S3-IN02-P+06,3,C,O,C,O,16.0,-16.0,53.0,-53.0,87.5,-87.5,2.0,6.0,0.0,3.0,18.0,13.0,15.5,10.5,18.5,16.0,16.0,13.5,12.0,PASS_WITHIN_95X140_REFERENCE_ENVELOPE,137.5,143.5,290.0,145.0,-145.0,NOT_FULLY_EVALUATED,0,CONDITIONAL_PASS_CANDIDATE,
S3-IN03-P-06,3,C,O,C,O,17.0,-17.0,41.0,-41.0,87.5,-87.5,3.0,-6.0,0.0,5.0,5.0,0.0,27.5,22.5,5.5,3.0,28.0,25.5,12.0,PASS_WITHIN_95X140_REFERENCE_ENVELOPE,136.5,142.5,290.0,145.0,-145.0,NOT_FULLY_EVALUATED,0,FAIL,BELT_NOMINAL_LT_13|BELT_RESIDUAL_LT_8|PULLEY_CLEARANCE_LT_10
S3-IN03-P-05,3,C,O,C,O,17.0,-17.0,42.0,-42.0,87.5,-87.5,3.0,-5.0,0.0,5.0,6.0,1.0,26.5,21.5,6.5,4.0,27.0,24.5,12.0,PASS_WITHIN_95X140_REFERENCE_ENVELOPE,136.5,142.5,290.0,145.0,-145.0,NOT_FULLY_EVALUATED,0,FAIL,BELT_NOMINAL_LT_13|BELT_RESIDUAL_LT_8|PULLEY_CLEARANCE_LT_10
S3-IN03-P-04,3,C,O,C,O,17.0,-17.0,43.0,-43.0,87.5,-87.5,3.0,-4.0,0.0,5.0,7.0,2.0,25.5,20.5,7.5,5.0,26.0,23.5,12.0,PASS_WITHIN_95X140_REFERENCE_ENVELOPE,136.5,142.5,290.0,145.0,-145.0,NOT_FULLY_EVALUATED,0,FAIL,BELT_NOMINAL_LT_13|BELT_RESIDUAL_LT_8|PULLEY_CLEARANCE_LT_10
S3-IN03-P-03,3,C,O,C,O,17.0,-17.0,44.0,-44.0,87.5,-87.5,3.0,-3.0,0.0,5.0,8.0,3.0,24.5,19.5,8.5,6.0,25.0,22.5,12.0,PASS_WITHIN_95X140_REFERENCE_ENVELOPE,136.5,142.5,290.0,145.0,-145.0,NOT_FULLY_EVALUATED,0,FAIL,BELT_NOMINAL_LT_13|BELT_RESIDUAL_LT_8|PULLEY_CLEARANCE_LT_10
S3-IN03-P-02,3,C,O,C,O,17.0,-17.0,45.0,-45.0,87.5,-87.5,3.0,-2.0,0.0,5.0,9.0,4.0,23.5,18.5,9.5,7.0,24.0,21.5,12.0,PASS_WITHIN_95X140_REFERENCE_ENVELOPE,136.5,142.5,290.0,145.0,-145.0,NOT_FULLY_EVALUATED,0,FAIL,BELT_NOMINAL_LT_13|BELT_RESIDUAL_LT_8|PULLEY_CLEARANCE_LT_10
S3-IN03-P-01,3,C,O,C,O,17.0,-17.0,46.0,-46.0,87.5,-87.5,3.0,-1.0,0.0,5.0,10.0,5.0,22.5,17.5,10.5,8.0,23.0,20.5,12.0,PASS_WITHIN_95X140_REFERENCE_ENVELOPE,136.5,142.5,290.0,145.0,-145.0,NOT_FULLY_EVALUATED,0,FAIL,BELT_NOMINAL_LT_13|BELT_RESIDUAL_LT_8
S3-IN03-P+00,3,C,O,C,O,17.0,-17.0,47.0,-47.0,87.5,-87.5,3.0,0.0,0.0,5.0,11.0,6.0,21.5,16.5,11.5,9.0,22.0,19.5,12.0,PASS_WITHIN_95X140_REFERENCE_ENVELOPE,136.5,142.5,290.0,145.0,-145.0,NOT_FULLY_EVALUATED,0,FAIL,BELT_NOMINAL_LT_13|BELT_RESIDUAL_LT_8
S3-IN03-P+01,3,C,O,C,O,17.0,-17.0,48.0,-48.0,87.5,-87.5,3.0,1.0,0.0,5.0,12.0,7.0,20.5,15.5,12.5,10.0,21.0,18.5,12.0,PASS_WITHIN_95X140_REFERENCE_ENVELOPE,136.5,142.5,290.0,145.0,-145.0,NOT_FULLY_EVALUATED,0,FAIL,BELT_NOMINAL_LT_13|BELT_RESIDUAL_LT_8
S3-IN03-P+02,3,C,O,C,O,17.0,-17.0,49.0,-49.0,87.5,-87.5,3.0,2.0,0.0,5.0,13.0,8.0,19.5,14.5,13.5,11.0,20.0,17.5,12.0,PASS_WITHIN_95X140_REFERENCE_ENVELOPE,136.5,142.5,290.0,145.0,-145.0,NOT_FULLY_EVALUATED,0,CONDITIONAL_PASS_CANDIDATE,
S3-IN03-P+03,3,C,O,C,O,17.0,-17.0,50.0,-50.0,87.5,-87.5,3.0,3.0,0.0,5.0,14.0,9.0,18.5,13.5,14.5,12.0,19.0,16.5,12.0,PASS_WITHIN_95X140_REFERENCE_ENVELOPE,136.5,142.5,290.0,145.0,-145.0,NOT_FULLY_EVALUATED,0,CONDITIONAL_PASS_CANDIDATE,
S3-IN03-P+04,3,C,O,C,O,17.0,-17.0,51.0,-51.0,87.5,-87.5,3.0,4.0,0.0,5.0,15.0,10.0,17.5,12.5,15.5,13.0,18.0,15.5,12.0,PASS_WITHIN_95X140_REFERENCE_ENVELOPE,136.5,142.5,290.0,145.0,-145.0,NOT_FULLY_EVALUATED,0,CONDITIONAL_PASS_CANDIDATE,
S3-IN03-P+05,3,C,O,C,O,17.0,-17.0,52.0,-52.0,87.5,-87.5,3.0,5.0,0.0,5.0,16.0,11.0,16.5,11.5,16.5,14.0,17.0,14.5,12.0,PASS_WITHIN_95X140_REFERENCE_ENVELOPE,136.5,142.5,290.0,145.0,-145.0,NOT_FULLY_EVALUATED,0,CONDITIONAL_PASS_CANDIDATE,
S3-IN03-P+06,3,C,O,C,O,17.0,-17.0,53.0,-53.0,87.5,-87.5,3.0,6.0,0.0,5.0,17.0,12.0,15.5,10.5,17.5,15.0,16.0,13.5,12.0,PASS_WITHIN_95X140_REFERENCE_ENVELOPE,136.5,142.5,290.0,145.0,-145.0,NOT_FULLY_EVALUATED,0,CONDITIONAL_PASS_CANDIDATE,
S3-IN04-P-06,3,C,O,C,O,18.0,-18.0,41.0,-41.0,87.5,-87.5,4.0,-6.0,0.0,7.0,4.0,-1.0,27.5,22.5,4.5,2.0,28.0,25.5,12.0,PASS_WITHIN_95X140_REFERENCE_ENVELOPE,135.5,141.5,290.0,145.0,-145.0,NOT_FULLY_EVALUATED,0,FAIL,BELT_NOMINAL_LT_13|BELT_RESIDUAL_LT_8|PULLEY_CLEARANCE_LT_10
S3-IN04-P-05,3,C,O,C,O,18.0,-18.0,42.0,-42.0,87.5,-87.5,4.0,-5.0,0.0,7.0,5.0,0.0,26.5,21.5,5.5,3.0,27.0,24.5,12.0,PASS_WITHIN_95X140_REFERENCE_ENVELOPE,135.5,141.5,290.0,145.0,-145.0,NOT_FULLY_EVALUATED,0,FAIL,BELT_NOMINAL_LT_13|BELT_RESIDUAL_LT_8|PULLEY_CLEARANCE_LT_10
S3-IN04-P-04,3,C,O,C,O,18.0,-18.0,43.0,-43.0,87.5,-87.5,4.0,-4.0,0.0,7.0,6.0,1.0,25.5,20.5,6.5,4.0,26.0,23.5,12.0,PASS_WITHIN_95X140_REFERENCE_ENVELOPE,135.5,141.5,290.0,145.0,-145.0,NOT_FULLY_EVALUATED,0,FAIL,BELT_NOMINAL_LT_13|BELT_RESIDUAL_LT_8|PULLEY_CLEARANCE_LT_10
S3-IN04-P-03,3,C,O,C,O,18.0,-18.0,44.0,-44.0,87.5,-87.5,4.0,-3.0,0.0,7.0,7.0,2.0,24.5,19.5,7.5,5.0,25.0,22.5,12.0,PASS_WITHIN_95X140_REFERENCE_ENVELOPE,135.5,141.5,290.0,145.0,-145.0,NOT_FULLY_EVALUATED,0,FAIL,BELT_NOMINAL_LT_13|BELT_RESIDUAL_LT_8|PULLEY_CLEARANCE_LT_10
S3-IN04-P-02,3,C,O,C,O,18.0,-18.0,45.0,-45.0,87.5,-87.5,4.0,-2.0,0.0,7.0,8.0,3.0,23.5,18.5,8.5,6.0,24.0,21.5,12.0,PASS_WITHIN_95X140_REFERENCE_ENVELOPE,135.5,141.5,290.0,145.0,-145.0,NOT_FULLY_EVALUATED,0,FAIL,BELT_NOMINAL_LT_13|BELT_RESIDUAL_LT_8|PULLEY_CLEARANCE_LT_10
S3-IN04-P-01,3,C,O,C,O,18.0,-18.0,46.0,-46.0,87.5,-87.5,4.0,-1.0,0.0,7.0,9.0,4.0,22.5,17.5,9.5,7.0,23.0,20.5,12.0,PASS_WITHIN_95X140_REFERENCE_ENVELOPE,135.5,141.5,290.0,145.0,-145.0,NOT_FULLY_EVALUATED,0,FAIL,BELT_NOMINAL_LT_13|BELT_RESIDUAL_LT_8|PULLEY_CLEARANCE_LT_10
S3-IN04-P+00,3,C,O,C,O,18.0,-18.0,47.0,-47.0,87.5,-87.5,4.0,0.0,0.0,7.0,10.0,5.0,21.5,16.5,10.5,8.0,22.0,19.5,12.0,PASS_WITHIN_95X140_REFERENCE_ENVELOPE,135.5,141.5,290.0,145.0,-145.0,NOT_FULLY_EVALUATED,0,FAIL,BELT_NOMINAL_LT_13|BELT_RESIDUAL_LT_8
S3-IN04-P+01,3,C,O,C,O,18.0,-18.0,48.0,-48.0,87.5,-87.5,4.0,1.0,0.0,7.0,11.0,6.0,20.5,15.5,11.5,9.0,21.0,18.5,12.0,PASS_WITHIN_95X140_REFERENCE_ENVELOPE,135.5,141.5,290.0,145.0,-145.0,NOT_FULLY_EVALUATED,0,FAIL,BELT_NOMINAL_LT_13|BELT_RESIDUAL_LT_8
S3-IN04-P+02,3,C,O,C,O,18.0,-18.0,49.0,-49.0,87.5,-87.5,4.0,2.0,0.0,7.0,12.0,7.0,19.5,14.5,12.5,10.0,20.0,17.5,12.0,PASS_WITHIN_95X140_REFERENCE_ENVELOPE,135.5,141.5,290.0,145.0,-145.0,NOT_FULLY_EVALUATED,0,FAIL,BELT_NOMINAL_LT_13|BELT_RESIDUAL_LT_8
S3-IN04-P+03,3,C,O,C,O,18.0,-18.0,50.0,-50.0,87.5,-87.5,4.0,3.0,0.0,7.0,13.0,8.0,18.5,13.5,13.5,11.0,19.0,16.5,12.0,PASS_WITHIN_95X140_REFERENCE_ENVELOPE,135.5,141.5,290.0,145.0,-145.0,NOT_FULLY_EVALUATED,0,CONDITIONAL_PASS_CANDIDATE,
S3-IN04-P+04,3,C,O,C,O,18.0,-18.0,51.0,-51.0,87.5,-87.5,4.0,4.0,0.0,7.0,14.0,9.0,17.5,12.5,14.5,12.0,18.0,15.5,12.0,PASS_WITHIN_95X140_REFERENCE_ENVELOPE,135.5,141.5,290.0,145.0,-145.0,NOT_FULLY_EVALUATED,0,CONDITIONAL_PASS_CANDIDATE,
S3-IN04-P+05,3,C,O,C,O,18.0,-18.0,52.0,-52.0,87.5,-87.5,4.0,5.0,0.0,7.0,15.0,10.0,16.5,11.5,15.5,13.0,17.0,14.5,12.0,PASS_WITHIN_95X140_REFERENCE_ENVELOPE,135.5,141.5,290.0,145.0,-145.0,NOT_FULLY_EVALUATED,0,CONDITIONAL_PASS_CANDIDATE,
S3-IN04-P+06,3,C,O,C,O,18.0,-18.0,53.0,-53.0,87.5,-87.5,4.0,6.0,0.0,7.0,16.0,11.0,15.5,10.5,16.5,14.0,16.0,13.5,12.0,PASS_WITHIN_95X140_REFERENCE_ENVELOPE,135.5,141.5,290.0,145.0,-145.0,NOT_FULLY_EVALUATED,0,CONDITIONAL_PASS_CANDIDATE,
S3-IN05-P-06,3,C,O,C,O,19.0,-19.0,41.0,-41.0,87.5,-87.5,5.0,-6.0,0.0,9.0,3.0,-2.0,27.5,22.5,3.5,1.0,28.0,25.5,12.0,PASS_WITHIN_95X140_REFERENCE_ENVELOPE,134.5,140.5,290.0,145.0,-145.0,NOT_FULLY_EVALUATED,0,FAIL,BELT_NOMINAL_LT_13|BELT_RESIDUAL_LT_8|PULLEY_CLEARANCE_LT_10
S3-IN05-P-05,3,C,O,C,O,19.0,-19.0,42.0,-42.0,87.5,-87.5,5.0,-5.0,0.0,9.0,4.0,-1.0,26.5,21.5,4.5,2.0,27.0,24.5,12.0,PASS_WITHIN_95X140_REFERENCE_ENVELOPE,134.5,140.5,290.0,145.0,-145.0,NOT_FULLY_EVALUATED,0,FAIL,BELT_NOMINAL_LT_13|BELT_RESIDUAL_LT_8|PULLEY_CLEARANCE_LT_10
S3-IN05-P-04,3,C,O,C,O,19.0,-19.0,43.0,-43.0,87.5,-87.5,5.0,-4.0,0.0,9.0,5.0,0.0,25.5,20.5,5.5,3.0,26.0,23.5,12.0,PASS_WITHIN_95X140_REFERENCE_ENVELOPE,134.5,140.5,290.0,145.0,-145.0,NOT_FULLY_EVALUATED,0,FAIL,BELT_NOMINAL_LT_13|BELT_RESIDUAL_LT_8|PULLEY_CLEARANCE_LT_10
S3-IN05-P-03,3,C,O,C,O,19.0,-19.0,44.0,-44.0,87.5,-87.5,5.0,-3.0,0.0,9.0,6.0,1.0,24.5,19.5,6.5,4.0,25.0,22.5,12.0,PASS_WITHIN_95X140_REFERENCE_ENVELOPE,134.5,140.5,290.0,145.0,-145.0,NOT_FULLY_EVALUATED,0,FAIL,BELT_NOMINAL_LT_13|BELT_RESIDUAL_LT_8|PULLEY_CLEARANCE_LT_10
S3-IN05-P-02,3,C,O,C,O,19.0,-19.0,45.0,-45.0,87.5,-87.5,5.0,-2.0,0.0,9.0,7.0,2.0,23.5,18.5,7.5,5.0,24.0,21.5,12.0,PASS_WITHIN_95X140_REFERENCE_ENVELOPE,134.5,140.5,290.0,145.0,-145.0,NOT_FULLY_EVALUATED,0,FAIL,BELT_NOMINAL_LT_13|BELT_RESIDUAL_LT_8|PULLEY_CLEARANCE_LT_10
S3-IN05-P-01,3,C,O,C,O,19.0,-19.0,46.0,-46.0,87.5,-87.5,5.0,-1.0,0.0,9.0,8.0,3.0,22.5,17.5,8.5,6.0,23.0,20.5,12.0,PASS_WITHIN_95X140_REFERENCE_ENVELOPE,134.5,140.5,290.0,145.0,-145.0,NOT_FULLY_EVALUATED,0,FAIL,BELT_NOMINAL_LT_13|BELT_RESIDUAL_LT_8|PULLEY_CLEARANCE_LT_10
S3-IN05-P+00,3,C,O,C,O,19.0,-19.0,47.0,-47.0,87.5,-87.5,5.0,0.0,0.0,9.0,9.0,4.0,21.5,16.5,9.5,7.0,22.0,19.5,12.0,PASS_WITHIN_95X140_REFERENCE_ENVELOPE,134.5,140.5,290.0,145.0,-145.0,NOT_FULLY_EVALUATED,0,FAIL,BELT_NOMINAL_LT_13|BELT_RESIDUAL_LT_8|PULLEY_CLEARANCE_LT_10
S3-IN05-P+01,3,C,O,C,O,19.0,-19.0,48.0,-48.0,87.5,-87.5,5.0,1.0,0.0,9.0,10.0,5.0,20.5,15.5,10.5,8.0,21.0,18.5,12.0,PASS_WITHIN_95X140_REFERENCE_ENVELOPE,134.5,140.5,290.0,145.0,-145.0,NOT_FULLY_EVALUATED,0,FAIL,BELT_NOMINAL_LT_13|BELT_RESIDUAL_LT_8
S3-IN05-P+02,3,C,O,C,O,19.0,-19.0,49.0,-49.0,87.5,-87.5,5.0,2.0,0.0,9.0,11.0,6.0,19.5,14.5,11.5,9.0,20.0,17.5,12.0,PASS_WITHIN_95X140_REFERENCE_ENVELOPE,134.5,140.5,290.0,145.0,-145.0,NOT_FULLY_EVALUATED,0,FAIL,BELT_NOMINAL_LT_13|BELT_RESIDUAL_LT_8
S3-IN05-P+03,3,C,O,C,O,19.0,-19.0,50.0,-50.0,87.5,-87.5,5.0,3.0,0.0,9.0,12.0,7.0,18.5,13.5,12.5,10.0,19.0,16.5,12.0,PASS_WITHIN_95X140_REFERENCE_ENVELOPE,134.5,140.5,290.0,145.0,-145.0,NOT_FULLY_EVALUATED,0,FAIL,BELT_NOMINAL_LT_13|BELT_RESIDUAL_LT_8
S3-IN05-P+04,3,C,O,C,O,19.0,-19.0,51.0,-51.0,87.5,-87.5,5.0,4.0,0.0,9.0,13.0,8.0,17.5,12.5,13.5,11.0,18.0,15.5,12.0,PASS_WITHIN_95X140_REFERENCE_ENVELOPE,134.5,140.5,290.0,145.0,-145.0,NOT_FULLY_EVALUATED,0,CONDITIONAL_PASS_CANDIDATE,
S3-IN05-P+05,3,C,O,C,O,19.0,-19.0,52.0,-52.0,87.5,-87.5,5.0,5.0,0.0,9.0,14.0,9.0,16.5,11.5,14.5,12.0,17.0,14.5,12.0,PASS_WITHIN_95X140_REFERENCE_ENVELOPE,134.5,140.5,290.0,145.0,-145.0,NOT_FULLY_EVALUATED,0,CONDITIONAL_PASS_CANDIDATE,
S3-IN05-P+06,3,C,O,C,O,19.0,-19.0,53.0,-53.0,87.5,-87.5,5.0,6.0,0.0,9.0,15.0,10.0,15.5,10.5,15.5,13.0,16.0,13.5,12.0,PASS_WITHIN_95X140_REFERENCE_ENVELOPE,134.5,140.5,290.0,145.0,-145.0,NOT_FULLY_EVALUATED,0,CONDITIONAL_PASS_CANDIDATE,
S3-IN06-P-06,3,C,O,C,O,20.0,-20.0,41.0,-41.0,87.5,-87.5,6.0,-6.0,0.0,11.0,2.0,-3.0,27.5,22.5,2.5,0.0,28.0,25.5,12.0,PASS_WITHIN_95X140_REFERENCE_ENVELOPE,133.5,139.5,290.0,145.0,-145.0,NOT_FULLY_EVALUATED,0,FAIL,BELT_NOMINAL_LT_13|BELT_RESIDUAL_LT_8|PULLEY_CLEARANCE_LT_10
S3-IN06-P-05,3,C,O,C,O,20.0,-20.0,42.0,-42.0,87.5,-87.5,6.0,-5.0,0.0,11.0,3.0,-2.0,26.5,21.5,3.5,1.0,27.0,24.5,12.0,PASS_WITHIN_95X140_REFERENCE_ENVELOPE,133.5,139.5,290.0,145.0,-145.0,NOT_FULLY_EVALUATED,0,FAIL,BELT_NOMINAL_LT_13|BELT_RESIDUAL_LT_8|PULLEY_CLEARANCE_LT_10
S3-IN06-P-04,3,C,O,C,O,20.0,-20.0,43.0,-43.0,87.5,-87.5,6.0,-4.0,0.0,11.0,4.0,-1.0,25.5,20.5,4.5,2.0,26.0,23.5,12.0,PASS_WITHIN_95X140_REFERENCE_ENVELOPE,133.5,139.5,290.0,145.0,-145.0,NOT_FULLY_EVALUATED,0,FAIL,BELT_NOMINAL_LT_13|BELT_RESIDUAL_LT_8|PULLEY_CLEARANCE_LT_10
S3-IN06-P-03,3,C,O,C,O,20.0,-20.0,44.0,-44.0,87.5,-87.5,6.0,-3.0,0.0,11.0,5.0,0.0,24.5,19.5,5.5,3.0,25.0,22.5,12.0,PASS_WITHIN_95X140_REFERENCE_ENVELOPE,133.5,139.5,290.0,145.0,-145.0,NOT_FULLY_EVALUATED,0,FAIL,BELT_NOMINAL_LT_13|BELT_RESIDUAL_LT_8|PULLEY_CLEARANCE_LT_10
S3-IN06-P-02,3,C,O,C,O,20.0,-20.0,45.0,-45.0,87.5,-87.5,6.0,-2.0,0.0,11.0,6.0,1.0,23.5,18.5,6.5,4.0,24.0,21.5,12.0,PASS_WITHIN_95X140_REFERENCE_ENVELOPE,133.5,139.5,290.0,145.0,-145.0,NOT_FULLY_EVALUATED,0,FAIL,BELT_NOMINAL_LT_13|BELT_RESIDUAL_LT_8|PULLEY_CLEARANCE_LT_10
S3-IN06-P-01,3,C,O,C,O,20.0,-20.0,46.0,-46.0,87.5,-87.5,6.0,-1.0,0.0,11.0,7.0,2.0,22.5,17.5,7.5,5.0,23.0,20.5,12.0,PASS_WITHIN_95X140_REFERENCE_ENVELOPE,133.5,139.5,290.0,145.0,-145.0,NOT_FULLY_EVALUATED,0,FAIL,BELT_NOMINAL_LT_13|BELT_RESIDUAL_LT_8|PULLEY_CLEARANCE_LT_10
S3-IN06-P+00,3,C,O,C,O,20.0,-20.0,47.0,-47.0,87.5,-87.5,6.0,0.0,0.0,11.0,8.0,3.0,21.5,16.5,8.5,6.0,22.0,19.5,12.0,PASS_WITHIN_95X140_REFERENCE_ENVELOPE,133.5,139.5,290.0,145.0,-145.0,NOT_FULLY_EVALUATED,0,FAIL,BELT_NOMINAL_LT_13|BELT_RESIDUAL_LT_8|PULLEY_CLEARANCE_LT_10
S3-IN06-P+01,3,C,O,C,O,20.0,-20.0,48.0,-48.0,87.5,-87.5,6.0,1.0,0.0,11.0,9.0,4.0,20.5,15.5,9.5,7.0,21.0,18.5,12.0,PASS_WITHIN_95X140_REFERENCE_ENVELOPE,133.5,139.5,290.0,145.0,-145.0,NOT_FULLY_EVALUATED,0,FAIL,BELT_NOMINAL_LT_13|BELT_RESIDUAL_LT_8|PULLEY_CLEARANCE_LT_10
S3-IN06-P+02,3,C,O,C,O,20.0,-20.0,49.0,-49.0,87.5,-87.5,6.0,2.0,0.0,11.0,10.0,5.0,19.5,14.5,10.5,8.0,20.0,17.5,12.0,PASS_WITHIN_95X140_REFERENCE_ENVELOPE,133.5,139.5,290.0,145.0,-145.0,NOT_FULLY_EVALUATED,0,FAIL,BELT_NOMINAL_LT_13|BELT_RESIDUAL_LT_8
S3-IN06-P+03,3,C,O,C,O,20.0,-20.0,50.0,-50.0,87.5,-87.5,6.0,3.0,0.0,11.0,11.0,6.0,18.5,13.5,11.5,9.0,19.0,16.5,12.0,PASS_WITHIN_95X140_REFERENCE_ENVELOPE,133.5,139.5,290.0,145.0,-145.0,NOT_FULLY_EVALUATED,0,FAIL,BELT_NOMINAL_LT_13|BELT_RESIDUAL_LT_8
S3-IN06-P+04,3,C,O,C,O,20.0,-20.0,51.0,-51.0,87.5,-87.5,6.0,4.0,0.0,11.0,12.0,7.0,17.5,12.5,12.5,10.0,18.0,15.5,12.0,PASS_WITHIN_95X140_REFERENCE_ENVELOPE,133.5,139.5,290.0,145.0,-145.0,NOT_FULLY_EVALUATED,0,FAIL,BELT_NOMINAL_LT_13|BELT_RESIDUAL_LT_8
S3-IN06-P+05,3,C,O,C,O,20.0,-20.0,52.0,-52.0,87.5,-87.5,6.0,5.0,0.0,11.0,13.0,8.0,16.5,11.5,13.5,11.0,17.0,14.5,12.0,PASS_WITHIN_95X140_REFERENCE_ENVELOPE,133.5,139.5,290.0,145.0,-145.0,NOT_FULLY_EVALUATED,0,CONDITIONAL_PASS_CANDIDATE,
S3-IN06-P+06,3,C,O,C,O,20.0,-20.0,53.0,-53.0,87.5,-87.5,6.0,6.0,0.0,11.0,14.0,9.0,15.5,10.5,14.5,12.0,16.0,13.5,12.0,PASS_WITHIN_95X140_REFERENCE_ENVELOPE,133.5,139.5,290.0,145.0,-145.0,NOT_FULLY_EVALUATED,0,CONDITIONAL_PASS_CANDIDATE,
S3-IN07-P-06,3,C,O,C,O,21.0,-21.0,41.0,-41.0,87.5,-87.5,7.0,-6.0,0.0,13.0,1.0,-4.0,27.5,22.5,1.5,-1.0,28.0,25.5,12.0,PASS_WITHIN_95X140_REFERENCE_ENVELOPE,132.5,138.5,290.0,145.0,-145.0,NOT_FULLY_EVALUATED,0,FAIL,BELT_NOMINAL_LT_13|BELT_RESIDUAL_LT_8|PULLEY_CLEARANCE_LT_10
S3-IN07-P-05,3,C,O,C,O,21.0,-21.0,42.0,-42.0,87.5,-87.5,7.0,-5.0,0.0,13.0,2.0,-3.0,26.5,21.5,2.5,0.0,27.0,24.5,12.0,PASS_WITHIN_95X140_REFERENCE_ENVELOPE,132.5,138.5,290.0,145.0,-145.0,NOT_FULLY_EVALUATED,0,FAIL,BELT_NOMINAL_LT_13|BELT_RESIDUAL_LT_8|PULLEY_CLEARANCE_LT_10
S3-IN07-P-04,3,C,O,C,O,21.0,-21.0,43.0,-43.0,87.5,-87.5,7.0,-4.0,0.0,13.0,3.0,-2.0,25.5,20.5,3.5,1.0,26.0,23.5,12.0,PASS_WITHIN_95X140_REFERENCE_ENVELOPE,132.5,138.5,290.0,145.0,-145.0,NOT_FULLY_EVALUATED,0,FAIL,BELT_NOMINAL_LT_13|BELT_RESIDUAL_LT_8|PULLEY_CLEARANCE_LT_10
S3-IN07-P-03,3,C,O,C,O,21.0,-21.0,44.0,-44.0,87.5,-87.5,7.0,-3.0,0.0,13.0,4.0,-1.0,24.5,19.5,4.5,2.0,25.0,22.5,12.0,PASS_WITHIN_95X140_REFERENCE_ENVELOPE,132.5,138.5,290.0,145.0,-145.0,NOT_FULLY_EVALUATED,0,FAIL,BELT_NOMINAL_LT_13|BELT_RESIDUAL_LT_8|PULLEY_CLEARANCE_LT_10
S3-IN07-P-02,3,C,O,C,O,21.0,-21.0,45.0,-45.0,87.5,-87.5,7.0,-2.0,0.0,13.0,5.0,0.0,23.5,18.5,5.5,3.0,24.0,21.5,12.0,PASS_WITHIN_95X140_REFERENCE_ENVELOPE,132.5,138.5,290.0,145.0,-145.0,NOT_FULLY_EVALUATED,0,FAIL,BELT_NOMINAL_LT_13|BELT_RESIDUAL_LT_8|PULLEY_CLEARANCE_LT_10
S3-IN07-P-01,3,C,O,C,O,21.0,-21.0,46.0,-46.0,87.5,-87.5,7.0,-1.0,0.0,13.0,6.0,1.0,22.5,17.5,6.5,4.0,23.0,20.5,12.0,PASS_WITHIN_95X140_REFERENCE_ENVELOPE,132.5,138.5,290.0,145.0,-145.0,NOT_FULLY_EVALUATED,0,FAIL,BELT_NOMINAL_LT_13|BELT_RESIDUAL_LT_8|PULLEY_CLEARANCE_LT_10
S3-IN07-P+00,3,C,O,C,O,21.0,-21.0,47.0,-47.0,87.5,-87.5,7.0,0.0,0.0,13.0,7.0,2.0,21.5,16.5,7.5,5.0,22.0,19.5,12.0,PASS_WITHIN_95X140_REFERENCE_ENVELOPE,132.5,138.5,290.0,145.0,-145.0,NOT_FULLY_EVALUATED,0,FAIL,BELT_NOMINAL_LT_13|BELT_RESIDUAL_LT_8|PULLEY_CLEARANCE_LT_10
S3-IN07-P+01,3,C,O,C,O,21.0,-21.0,48.0,-48.0,87.5,-87.5,7.0,1.0,0.0,13.0,8.0,3.0,20.5,15.5,8.5,6.0,21.0,18.5,12.0,PASS_WITHIN_95X140_REFERENCE_ENVELOPE,132.5,138.5,290.0,145.0,-145.0,NOT_FULLY_EVALUATED,0,FAIL,BELT_NOMINAL_LT_13|BELT_RESIDUAL_LT_8|PULLEY_CLEARANCE_LT_10
S3-IN07-P+02,3,C,O,C,O,21.0,-21.0,49.0,-49.0,87.5,-87.5,7.0,2.0,0.0,13.0,9.0,4.0,19.5,14.5,9.5,7.0,20.0,17.5,12.0,PASS_WITHIN_95X140_REFERENCE_ENVELOPE,132.5,138.5,290.0,145.0,-145.0,NOT_FULLY_EVALUATED,0,FAIL,BELT_NOMINAL_LT_13|BELT_RESIDUAL_LT_8|PULLEY_CLEARANCE_LT_10
S3-IN07-P+03,3,C,O,C,O,21.0,-21.0,50.0,-50.0,87.5,-87.5,7.0,3.0,0.0,13.0,10.0,5.0,18.5,13.5,10.5,8.0,19.0,16.5,12.0,PASS_WITHIN_95X140_REFERENCE_ENVELOPE,132.5,138.5,290.0,145.0,-145.0,NOT_FULLY_EVALUATED,0,FAIL,BELT_NOMINAL_LT_13|BELT_RESIDUAL_LT_8
S3-IN07-P+04,3,C,O,C,O,21.0,-21.0,51.0,-51.0,87.5,-87.5,7.0,4.0,0.0,13.0,11.0,6.0,17.5,12.5,11.5,9.0,18.0,15.5,12.0,PASS_WITHIN_95X140_REFERENCE_ENVELOPE,132.5,138.5,290.0,145.0,-145.0,NOT_FULLY_EVALUATED,0,FAIL,BELT_NOMINAL_LT_13|BELT_RESIDUAL_LT_8
S3-IN07-P+05,3,C,O,C,O,21.0,-21.0,52.0,-52.0,87.5,-87.5,7.0,5.0,0.0,13.0,12.0,7.0,16.5,11.5,12.5,10.0,17.0,14.5,12.0,PASS_WITHIN_95X140_REFERENCE_ENVELOPE,132.5,138.5,290.0,145.0,-145.0,NOT_FULLY_EVALUATED,0,FAIL,BELT_NOMINAL_LT_13|BELT_RESIDUAL_LT_8
S3-IN07-P+06,3,C,O,C,O,21.0,-21.0,53.0,-53.0,87.5,-87.5,7.0,6.0,0.0,13.0,13.0,8.0,15.5,10.5,13.5,11.0,16.0,13.5,12.0,PASS_WITHIN_95X140_REFERENCE_ENVELOPE,132.5,138.5,290.0,145.0,-145.0,NOT_FULLY_EVALUATED,0,CONDITIONAL_PASS_CANDIDATE,
S3-IN08-P-06,3,C,O,C,O,22.0,-22.0,41.0,-41.0,87.5,-87.5,8.0,-6.0,0.0,15.0,0.0,-5.0,27.5,22.5,0.5,-2.0,28.0,25.5,12.0,PASS_WITHIN_95X140_REFERENCE_ENVELOPE,131.5,137.5,290.0,145.0,-145.0,NOT_FULLY_EVALUATED,0,FAIL,BELT_NOMINAL_LT_13|BELT_RESIDUAL_LT_8|PULLEY_CLEARANCE_LT_10
S3-IN08-P-05,3,C,O,C,O,22.0,-22.0,42.0,-42.0,87.5,-87.5,8.0,-5.0,0.0,15.0,1.0,-4.0,26.5,21.5,1.5,-1.0,27.0,24.5,12.0,PASS_WITHIN_95X140_REFERENCE_ENVELOPE,131.5,137.5,290.0,145.0,-145.0,NOT_FULLY_EVALUATED,0,FAIL,BELT_NOMINAL_LT_13|BELT_RESIDUAL_LT_8|PULLEY_CLEARANCE_LT_10
S3-IN08-P-04,3,C,O,C,O,22.0,-22.0,43.0,-43.0,87.5,-87.5,8.0,-4.0,0.0,15.0,2.0,-3.0,25.5,20.5,2.5,0.0,26.0,23.5,12.0,PASS_WITHIN_95X140_REFERENCE_ENVELOPE,131.5,137.5,290.0,145.0,-145.0,NOT_FULLY_EVALUATED,0,FAIL,BELT_NOMINAL_LT_13|BELT_RESIDUAL_LT_8|PULLEY_CLEARANCE_LT_10
S3-IN08-P-03,3,C,O,C,O,22.0,-22.0,44.0,-44.0,87.5,-87.5,8.0,-3.0,0.0,15.0,3.0,-2.0,24.5,19.5,3.5,1.0,25.0,22.5,12.0,PASS_WITHIN_95X140_REFERENCE_ENVELOPE,131.5,137.5,290.0,145.0,-145.0,NOT_FULLY_EVALUATED,0,FAIL,BELT_NOMINAL_LT_13|BELT_RESIDUAL_LT_8|PULLEY_CLEARANCE_LT_10
S3-IN08-P-02,3,C,O,C,O,22.0,-22.0,45.0,-45.0,87.5,-87.5,8.0,-2.0,0.0,15.0,4.0,-1.0,23.5,18.5,4.5,2.0,24.0,21.5,12.0,PASS_WITHIN_95X140_REFERENCE_ENVELOPE,131.5,137.5,290.0,145.0,-145.0,NOT_FULLY_EVALUATED,0,FAIL,BELT_NOMINAL_LT_13|BELT_RESIDUAL_LT_8|PULLEY_CLEARANCE_LT_10
S3-IN08-P-01,3,C,O,C,O,22.0,-22.0,46.0,-46.0,87.5,-87.5,8.0,-1.0,0.0,15.0,5.0,0.0,22.5,17.5,5.5,3.0,23.0,20.5,12.0,PASS_WITHIN_95X140_REFERENCE_ENVELOPE,131.5,137.5,290.0,145.0,-145.0,NOT_FULLY_EVALUATED,0,FAIL,BELT_NOMINAL_LT_13|BELT_RESIDUAL_LT_8|PULLEY_CLEARANCE_LT_10
S3-IN08-P+00,3,C,O,C,O,22.0,-22.0,47.0,-47.0,87.5,-87.5,8.0,0.0,0.0,15.0,6.0,1.0,21.5,16.5,6.5,4.0,22.0,19.5,12.0,PASS_WITHIN_95X140_REFERENCE_ENVELOPE,131.5,137.5,290.0,145.0,-145.0,NOT_FULLY_EVALUATED,0,FAIL,BELT_NOMINAL_LT_13|BELT_RESIDUAL_LT_8|PULLEY_CLEARANCE_LT_10
S3-IN08-P+01,3,C,O,C,O,22.0,-22.0,48.0,-48.0,87.5,-87.5,8.0,1.0,0.0,15.0,7.0,2.0,20.5,15.5,7.5,5.0,21.0,18.5,12.0,PASS_WITHIN_95X140_REFERENCE_ENVELOPE,131.5,137.5,290.0,145.0,-145.0,NOT_FULLY_EVALUATED,0,FAIL,BELT_NOMINAL_LT_13|BELT_RESIDUAL_LT_8|PULLEY_CLEARANCE_LT_10
S3-IN08-P+02,3,C,O,C,O,22.0,-22.0,49.0,-49.0,87.5,-87.5,8.0,2.0,0.0,15.0,8.0,3.0,19.5,14.5,8.5,6.0,20.0,17.5,12.0,PASS_WITHIN_95X140_REFERENCE_ENVELOPE,131.5,137.5,290.0,145.0,-145.0,NOT_FULLY_EVALUATED,0,FAIL,BELT_NOMINAL_LT_13|BELT_RESIDUAL_LT_8|PULLEY_CLEARANCE_LT_10
S3-IN08-P+03,3,C,O,C,O,22.0,-22.0,50.0,-50.0,87.5,-87.5,8.0,3.0,0.0,15.0,9.0,4.0,18.5,13.5,9.5,7.0,19.0,16.5,12.0,PASS_WITHIN_95X140_REFERENCE_ENVELOPE,131.5,137.5,290.0,145.0,-145.0,NOT_FULLY_EVALUATED,0,FAIL,BELT_NOMINAL_LT_13|BELT_RESIDUAL_LT_8|PULLEY_CLEARANCE_LT_10
S3-IN08-P+04,3,C,O,C,O,22.0,-22.0,51.0,-51.0,87.5,-87.5,8.0,4.0,0.0,15.0,10.0,5.0,17.5,12.5,10.5,8.0,18.0,15.5,12.0,PASS_WITHIN_95X140_REFERENCE_ENVELOPE,131.5,137.5,290.0,145.0,-145.0,NOT_FULLY_EVALUATED,0,FAIL,BELT_NOMINAL_LT_13|BELT_RESIDUAL_LT_8
S3-IN08-P+05,3,C,O,C,O,22.0,-22.0,52.0,-52.0,87.5,-87.5,8.0,5.0,0.0,15.0,11.0,6.0,16.5,11.5,11.5,9.0,17.0,14.5,12.0,PASS_WITHIN_95X140_REFERENCE_ENVELOPE,131.5,137.5,290.0,145.0,-145.0,NOT_FULLY_EVALUATED,0,FAIL,BELT_NOMINAL_LT_13|BELT_RESIDUAL_LT_8
S3-IN08-P+06,3,C,O,C,O,22.0,-22.0,53.0,-53.0,87.5,-87.5,8.0,6.0,0.0,15.0,12.0,7.0,15.5,10.5,12.5,10.0,16.0,13.5,12.0,PASS_WITHIN_95X140_REFERENCE_ENVELOPE,131.5,137.5,290.0,145.0,-145.0,NOT_FULLY_EVALUATED,0,FAIL,BELT_NOMINAL_LT_13|BELT_RESIDUAL_LT_8
S3-IN09-P-06,3,C,O,C,O,23.0,-23.0,41.0,-41.0,87.5,-87.5,9.0,-6.0,0.0,17.0,-1.0,-6.0,27.5,22.5,-0.5,-3.0,28.0,25.5,12.0,PASS_WITHIN_95X140_REFERENCE_ENVELOPE,130.5,136.5,290.0,145.0,-145.0,NOT_FULLY_EVALUATED,0,FAIL,BELT_NOMINAL_LT_13|BELT_RESIDUAL_LT_8|PULLEY_CLEARANCE_LT_10
S3-IN09-P-05,3,C,O,C,O,23.0,-23.0,42.0,-42.0,87.5,-87.5,9.0,-5.0,0.0,17.0,0.0,-5.0,26.5,21.5,0.5,-2.0,27.0,24.5,12.0,PASS_WITHIN_95X140_REFERENCE_ENVELOPE,130.5,136.5,290.0,145.0,-145.0,NOT_FULLY_EVALUATED,0,FAIL,BELT_NOMINAL_LT_13|BELT_RESIDUAL_LT_8|PULLEY_CLEARANCE_LT_10
S3-IN09-P-04,3,C,O,C,O,23.0,-23.0,43.0,-43.0,87.5,-87.5,9.0,-4.0,0.0,17.0,1.0,-4.0,25.5,20.5,1.5,-1.0,26.0,23.5,12.0,PASS_WITHIN_95X140_REFERENCE_ENVELOPE,130.5,136.5,290.0,145.0,-145.0,NOT_FULLY_EVALUATED,0,FAIL,BELT_NOMINAL_LT_13|BELT_RESIDUAL_LT_8|PULLEY_CLEARANCE_LT_10
S3-IN09-P-03,3,C,O,C,O,23.0,-23.0,44.0,-44.0,87.5,-87.5,9.0,-3.0,0.0,17.0,2.0,-3.0,24.5,19.5,2.5,0.0,25.0,22.5,12.0,PASS_WITHIN_95X140_REFERENCE_ENVELOPE,130.5,136.5,290.0,145.0,-145.0,NOT_FULLY_EVALUATED,0,FAIL,BELT_NOMINAL_LT_13|BELT_RESIDUAL_LT_8|PULLEY_CLEARANCE_LT_10
S3-IN09-P-02,3,C,O,C,O,23.0,-23.0,45.0,-45.0,87.5,-87.5,9.0,-2.0,0.0,17.0,3.0,-2.0,23.5,18.5,3.5,1.0,24.0,21.5,12.0,PASS_WITHIN_95X140_REFERENCE_ENVELOPE,130.5,136.5,290.0,145.0,-145.0,NOT_FULLY_EVALUATED,0,FAIL,BELT_NOMINAL_LT_13|BELT_RESIDUAL_LT_8|PULLEY_CLEARANCE_LT_10
S3-IN09-P-01,3,C,O,C,O,23.0,-23.0,46.0,-46.0,87.5,-87.5,9.0,-1.0,0.0,17.0,4.0,-1.0,22.5,17.5,4.5,2.0,23.0,20.5,12.0,PASS_WITHIN_95X140_REFERENCE_ENVELOPE,130.5,136.5,290.0,145.0,-145.0,NOT_FULLY_EVALUATED,0,FAIL,BELT_NOMINAL_LT_13|BELT_RESIDUAL_LT_8|PULLEY_CLEARANCE_LT_10
S3-IN09-P+00,3,C,O,C,O,23.0,-23.0,47.0,-47.0,87.5,-87.5,9.0,0.0,0.0,17.0,5.0,0.0,21.5,16.5,5.5,3.0,22.0,19.5,12.0,PASS_WITHIN_95X140_REFERENCE_ENVELOPE,130.5,136.5,290.0,145.0,-145.0,NOT_FULLY_EVALUATED,0,FAIL,BELT_NOMINAL_LT_13|BELT_RESIDUAL_LT_8|PULLEY_CLEARANCE_LT_10
S3-IN09-P+01,3,C,O,C,O,23.0,-23.0,48.0,-48.0,87.5,-87.5,9.0,1.0,0.0,17.0,6.0,1.0,20.5,15.5,6.5,4.0,21.0,18.5,12.0,PASS_WITHIN_95X140_REFERENCE_ENVELOPE,130.5,136.5,290.0,145.0,-145.0,NOT_FULLY_EVALUATED,0,FAIL,BELT_NOMINAL_LT_13|BELT_RESIDUAL_LT_8|PULLEY_CLEARANCE_LT_10
S3-IN09-P+02,3,C,O,C,O,23.0,-23.0,49.0,-49.0,87.5,-87.5,9.0,2.0,0.0,17.0,7.0,2.0,19.5,14.5,7.5,5.0,20.0,17.5,12.0,PASS_WITHIN_95X140_REFERENCE_ENVELOPE,130.5,136.5,290.0,145.0,-145.0,NOT_FULLY_EVALUATED,0,FAIL,BELT_NOMINAL_LT_13|BELT_RESIDUAL_LT_8|PULLEY_CLEARANCE_LT_10
S3-IN09-P+03,3,C,O,C,O,23.0,-23.0,50.0,-50.0,87.5,-87.5,9.0,3.0,0.0,17.0,8.0,3.0,18.5,13.5,8.5,6.0,19.0,16.5,12.0,PASS_WITHIN_95X140_REFERENCE_ENVELOPE,130.5,136.5,290.0,145.0,-145.0,NOT_FULLY_EVALUATED,0,FAIL,BELT_NOMINAL_LT_13|BELT_RESIDUAL_LT_8|PULLEY_CLEARANCE_LT_10
S3-IN09-P+04,3,C,O,C,O,23.0,-23.0,51.0,-51.0,87.5,-87.5,9.0,4.0,0.0,17.0,9.0,4.0,17.5,12.5,9.5,7.0,18.0,15.5,12.0,PASS_WITHIN_95X140_REFERENCE_ENVELOPE,130.5,136.5,290.0,145.0,-145.0,NOT_FULLY_EVALUATED,0,FAIL,BELT_NOMINAL_LT_13|BELT_RESIDUAL_LT_8|PULLEY_CLEARANCE_LT_10
S3-IN09-P+05,3,C,O,C,O,23.0,-23.0,52.0,-52.0,87.5,-87.5,9.0,5.0,0.0,17.0,10.0,5.0,16.5,11.5,10.5,8.0,17.0,14.5,12.0,PASS_WITHIN_95X140_REFERENCE_ENVELOPE,130.5,136.5,290.0,145.0,-145.0,NOT_FULLY_EVALUATED,0,FAIL,BELT_NOMINAL_LT_13|BELT_RESIDUAL_LT_8
S3-IN09-P+06,3,C,O,C,O,23.0,-23.0,53.0,-53.0,87.5,-87.5,9.0,6.0,0.0,17.0,11.0,6.0,15.5,10.5,11.5,9.0,16.0,13.5,12.0,PASS_WITHIN_95X140_REFERENCE_ENVELOPE,130.5,136.5,290.0,145.0,-145.0,NOT_FULLY_EVALUATED,0,FAIL,BELT_NOMINAL_LT_13|BELT_RESIDUAL_LT_8
S3-IN10-P-06,3,C,O,C,O,24.0,-24.0,41.0,-41.0,87.5,-87.5,10.0,-6.0,0.0,19.0,-2.0,-7.0,27.5,22.5,-1.5,-4.0,28.0,25.5,12.0,PASS_WITHIN_95X140_REFERENCE_ENVELOPE,129.5,135.5,290.0,145.0,-145.0,NOT_FULLY_EVALUATED,0,FAIL,BELT_NOMINAL_LT_13|BELT_RESIDUAL_LT_8|PULLEY_CLEARANCE_LT_10
S3-IN10-P-05,3,C,O,C,O,24.0,-24.0,42.0,-42.0,87.5,-87.5,10.0,-5.0,0.0,19.0,-1.0,-6.0,26.5,21.5,-0.5,-3.0,27.0,24.5,12.0,PASS_WITHIN_95X140_REFERENCE_ENVELOPE,129.5,135.5,290.0,145.0,-145.0,NOT_FULLY_EVALUATED,0,FAIL,BELT_NOMINAL_LT_13|BELT_RESIDUAL_LT_8|PULLEY_CLEARANCE_LT_10
S3-IN10-P-04,3,C,O,C,O,24.0,-24.0,43.0,-43.0,87.5,-87.5,10.0,-4.0,0.0,19.0,0.0,-5.0,25.5,20.5,0.5,-2.0,26.0,23.5,12.0,PASS_WITHIN_95X140_REFERENCE_ENVELOPE,129.5,135.5,290.0,145.0,-145.0,NOT_FULLY_EVALUATED,0,FAIL,BELT_NOMINAL_LT_13|BELT_RESIDUAL_LT_8|PULLEY_CLEARANCE_LT_10
S3-IN10-P-03,3,C,O,C,O,24.0,-24.0,44.0,-44.0,87.5,-87.5,10.0,-3.0,0.0,19.0,1.0,-4.0,24.5,19.5,1.5,-1.0,25.0,22.5,12.0,PASS_WITHIN_95X140_REFERENCE_ENVELOPE,129.5,135.5,290.0,145.0,-145.0,NOT_FULLY_EVALUATED,0,FAIL,BELT_NOMINAL_LT_13|BELT_RESIDUAL_LT_8|PULLEY_CLEARANCE_LT_10
S3-IN10-P-02,3,C,O,C,O,24.0,-24.0,45.0,-45.0,87.5,-87.5,10.0,-2.0,0.0,19.0,2.0,-3.0,23.5,18.5,2.5,0.0,24.0,21.5,12.0,PASS_WITHIN_95X140_REFERENCE_ENVELOPE,129.5,135.5,290.0,145.0,-145.0,NOT_FULLY_EVALUATED,0,FAIL,BELT_NOMINAL_LT_13|BELT_RESIDUAL_LT_8|PULLEY_CLEARANCE_LT_10
S3-IN10-P-01,3,C,O,C,O,24.0,-24.0,46.0,-46.0,87.5,-87.5,10.0,-1.0,0.0,19.0,3.0,-2.0,22.5,17.5,3.5,1.0,23.0,20.5,12.0,PASS_WITHIN_95X140_REFERENCE_ENVELOPE,129.5,135.5,290.0,145.0,-145.0,NOT_FULLY_EVALUATED,0,FAIL,BELT_NOMINAL_LT_13|BELT_RESIDUAL_LT_8|PULLEY_CLEARANCE_LT_10
S3-IN10-P+00,3,C,O,C,O,24.0,-24.0,47.0,-47.0,87.5,-87.5,10.0,0.0,0.0,19.0,4.0,-1.0,21.5,16.5,4.5,2.0,22.0,19.5,12.0,PASS_WITHIN_95X140_REFERENCE_ENVELOPE,129.5,135.5,290.0,145.0,-145.0,NOT_FULLY_EVALUATED,0,FAIL,BELT_NOMINAL_LT_13|BELT_RESIDUAL_LT_8|PULLEY_CLEARANCE_LT_10
S3-IN10-P+01,3,C,O,C,O,24.0,-24.0,48.0,-48.0,87.5,-87.5,10.0,1.0,0.0,19.0,5.0,0.0,20.5,15.5,5.5,3.0,21.0,18.5,12.0,PASS_WITHIN_95X140_REFERENCE_ENVELOPE,129.5,135.5,290.0,145.0,-145.0,NOT_FULLY_EVALUATED,0,FAIL,BELT_NOMINAL_LT_13|BELT_RESIDUAL_LT_8|PULLEY_CLEARANCE_LT_10
S3-IN10-P+02,3,C,O,C,O,24.0,-24.0,49.0,-49.0,87.5,-87.5,10.0,2.0,0.0,19.0,6.0,1.0,19.5,14.5,6.5,4.0,20.0,17.5,12.0,PASS_WITHIN_95X140_REFERENCE_ENVELOPE,129.5,135.5,290.0,145.0,-145.0,NOT_FULLY_EVALUATED,0,FAIL,BELT_NOMINAL_LT_13|BELT_RESIDUAL_LT_8|PULLEY_CLEARANCE_LT_10
S3-IN10-P+03,3,C,O,C,O,24.0,-24.0,50.0,-50.0,87.5,-87.5,10.0,3.0,0.0,19.0,7.0,2.0,18.5,13.5,7.5,5.0,19.0,16.5,12.0,PASS_WITHIN_95X140_REFERENCE_ENVELOPE,129.5,135.5,290.0,145.0,-145.0,NOT_FULLY_EVALUATED,0,FAIL,BELT_NOMINAL_LT_13|BELT_RESIDUAL_LT_8|PULLEY_CLEARANCE_LT_10
S3-IN10-P+04,3,C,O,C,O,24.0,-24.0,51.0,-51.0,87.5,-87.5,10.0,4.0,0.0,19.0,8.0,3.0,17.5,12.5,8.5,6.0,18.0,15.5,12.0,PASS_WITHIN_95X140_REFERENCE_ENVELOPE,129.5,135.5,290.0,145.0,-145.0,NOT_FULLY_EVALUATED,0,FAIL,BELT_NOMINAL_LT_13|BELT_RESIDUAL_LT_8|PULLEY_CLEARANCE_LT_10
S3-IN10-P+05,3,C,O,C,O,24.0,-24.0,52.0,-52.0,87.5,-87.5,10.0,5.0,0.0,19.0,9.0,4.0,16.5,11.5,9.5,7.0,17.0,14.5,12.0,PASS_WITHIN_95X140_REFERENCE_ENVELOPE,129.5,135.5,290.0,145.0,-145.0,NOT_FULLY_EVALUATED,0,FAIL,BELT_NOMINAL_LT_13|BELT_RESIDUAL_LT_8|PULLEY_CLEARANCE_LT_10
S3-IN10-P+06,3,C,O,C,O,24.0,-24.0,53.0,-53.0,87.5,-87.5,10.0,6.0,0.0,19.0,10.0,5.0,15.5,10.5,10.5,8.0,16.0,13.5,12.0,PASS_WITHIN_95X140_REFERENCE_ENVELOPE,129.5,135.5,290.0,145.0,-145.0,NOT_FULLY_EVALUATED,0,FAIL,BELT_NOMINAL_LT_13|BELT_RESIDUAL_LT_8
S3-IN11-P-06,3,C,O,C,O,25.0,-25.0,41.0,-41.0,87.5,-87.5,11.0,-6.0,0.0,21.0,-3.0,-8.0,27.5,22.5,-2.5,-5.0,28.0,25.5,12.0,PASS_WITHIN_95X140_REFERENCE_ENVELOPE,128.5,134.5,290.0,145.0,-145.0,NOT_FULLY_EVALUATED,0,FAIL,BELT_NOMINAL_LT_13|BELT_RESIDUAL_LT_8|PULLEY_CLEARANCE_LT_10
S3-IN11-P-05,3,C,O,C,O,25.0,-25.0,42.0,-42.0,87.5,-87.5,11.0,-5.0,0.0,21.0,-2.0,-7.0,26.5,21.5,-1.5,-4.0,27.0,24.5,12.0,PASS_WITHIN_95X140_REFERENCE_ENVELOPE,128.5,134.5,290.0,145.0,-145.0,NOT_FULLY_EVALUATED,0,FAIL,BELT_NOMINAL_LT_13|BELT_RESIDUAL_LT_8|PULLEY_CLEARANCE_LT_10
S3-IN11-P-04,3,C,O,C,O,25.0,-25.0,43.0,-43.0,87.5,-87.5,11.0,-4.0,0.0,21.0,-1.0,-6.0,25.5,20.5,-0.5,-3.0,26.0,23.5,12.0,PASS_WITHIN_95X140_REFERENCE_ENVELOPE,128.5,134.5,290.0,145.0,-145.0,NOT_FULLY_EVALUATED,0,FAIL,BELT_NOMINAL_LT_13|BELT_RESIDUAL_LT_8|PULLEY_CLEARANCE_LT_10
S3-IN11-P-03,3,C,O,C,O,25.0,-25.0,44.0,-44.0,87.5,-87.5,11.0,-3.0,0.0,21.0,0.0,-5.0,24.5,19.5,0.5,-2.0,25.0,22.5,12.0,PASS_WITHIN_95X140_REFERENCE_ENVELOPE,128.5,134.5,290.0,145.0,-145.0,NOT_FULLY_EVALUATED,0,FAIL,BELT_NOMINAL_LT_13|BELT_RESIDUAL_LT_8|PULLEY_CLEARANCE_LT_10
S3-IN11-P-02,3,C,O,C,O,25.0,-25.0,45.0,-45.0,87.5,-87.5,11.0,-2.0,0.0,21.0,1.0,-4.0,23.5,18.5,1.5,-1.0,24.0,21.5,12.0,PASS_WITHIN_95X140_REFERENCE_ENVELOPE,128.5,134.5,290.0,145.0,-145.0,NOT_FULLY_EVALUATED,0,FAIL,BELT_NOMINAL_LT_13|BELT_RESIDUAL_LT_8|PULLEY_CLEARANCE_LT_10
S3-IN11-P-01,3,C,O,C,O,25.0,-25.0,46.0,-46.0,87.5,-87.5,11.0,-1.0,0.0,21.0,2.0,-3.0,22.5,17.5,2.5,0.0,23.0,20.5,12.0,PASS_WITHIN_95X140_REFERENCE_ENVELOPE,128.5,134.5,290.0,145.0,-145.0,NOT_FULLY_EVALUATED,0,FAIL,BELT_NOMINAL_LT_13|BELT_RESIDUAL_LT_8|PULLEY_CLEARANCE_LT_10
S3-IN11-P+00,3,C,O,C,O,25.0,-25.0,47.0,-47.0,87.5,-87.5,11.0,0.0,0.0,21.0,3.0,-2.0,21.5,16.5,3.5,1.0,22.0,19.5,12.0,PASS_WITHIN_95X140_REFERENCE_ENVELOPE,128.5,134.5,290.0,145.0,-145.0,NOT_FULLY_EVALUATED,0,FAIL,BELT_NOMINAL_LT_13|BELT_RESIDUAL_LT_8|PULLEY_CLEARANCE_LT_10
S3-IN11-P+01,3,C,O,C,O,25.0,-25.0,48.0,-48.0,87.5,-87.5,11.0,1.0,0.0,21.0,4.0,-1.0,20.5,15.5,4.5,2.0,21.0,18.5,12.0,PASS_WITHIN_95X140_REFERENCE_ENVELOPE,128.5,134.5,290.0,145.0,-145.0,NOT_FULLY_EVALUATED,0,FAIL,BELT_NOMINAL_LT_13|BELT_RESIDUAL_LT_8|PULLEY_CLEARANCE_LT_10
S3-IN11-P+02,3,C,O,C,O,25.0,-25.0,49.0,-49.0,87.5,-87.5,11.0,2.0,0.0,21.0,5.0,0.0,19.5,14.5,5.5,3.0,20.0,17.5,12.0,PASS_WITHIN_95X140_REFERENCE_ENVELOPE,128.5,134.5,290.0,145.0,-145.0,NOT_FULLY_EVALUATED,0,FAIL,BELT_NOMINAL_LT_13|BELT_RESIDUAL_LT_8|PULLEY_CLEARANCE_LT_10
S3-IN11-P+03,3,C,O,C,O,25.0,-25.0,50.0,-50.0,87.5,-87.5,11.0,3.0,0.0,21.0,6.0,1.0,18.5,13.5,6.5,4.0,19.0,16.5,12.0,PASS_WITHIN_95X140_REFERENCE_ENVELOPE,128.5,134.5,290.0,145.0,-145.0,NOT_FULLY_EVALUATED,0,FAIL,BELT_NOMINAL_LT_13|BELT_RESIDUAL_LT_8|PULLEY_CLEARANCE_LT_10
S3-IN11-P+04,3,C,O,C,O,25.0,-25.0,51.0,-51.0,87.5,-87.5,11.0,4.0,0.0,21.0,7.0,2.0,17.5,12.5,7.5,5.0,18.0,15.5,12.0,PASS_WITHIN_95X140_REFERENCE_ENVELOPE,128.5,134.5,290.0,145.0,-145.0,NOT_FULLY_EVALUATED,0,FAIL,BELT_NOMINAL_LT_13|BELT_RESIDUAL_LT_8|PULLEY_CLEARANCE_LT_10
S3-IN11-P+05,3,C,O,C,O,25.0,-25.0,52.0,-52.0,87.5,-87.5,11.0,5.0,0.0,21.0,8.0,3.0,16.5,11.5,8.5,6.0,17.0,14.5,12.0,PASS_WITHIN_95X140_REFERENCE_ENVELOPE,128.5,134.5,290.0,145.0,-145.0,NOT_FULLY_EVALUATED,0,FAIL,BELT_NOMINAL_LT_13|BELT_RESIDUAL_LT_8|PULLEY_CLEARANCE_LT_10
S3-IN11-P+06,3,C,O,C,O,25.0,-25.0,53.0,-53.0,87.5,-87.5,11.0,6.0,0.0,21.0,9.0,4.0,15.5,10.5,9.5,7.0,16.0,13.5,12.0,PASS_WITHIN_95X140_REFERENCE_ENVELOPE,128.5,134.5,290.0,145.0,-145.0,NOT_FULLY_EVALUATED,0,FAIL,BELT_NOMINAL_LT_13|BELT_RESIDUAL_LT_8|PULLEY_CLEARANCE_LT_10
S3-IN12-P-06,3,C,O,C,O,26.0,-26.0,41.0,-41.0,87.5,-87.5,12.0,-6.0,0.0,23.0,-4.0,-9.0,27.5,22.5,-3.5,-6.0,28.0,25.5,12.0,PASS_WITHIN_95X140_REFERENCE_ENVELOPE,127.5,133.5,290.0,145.0,-145.0,NOT_FULLY_EVALUATED,0,FAIL,BELT_NOMINAL_LT_13|BELT_RESIDUAL_LT_8|PULLEY_CLEARANCE_LT_10
S3-IN12-P-05,3,C,O,C,O,26.0,-26.0,42.0,-42.0,87.5,-87.5,12.0,-5.0,0.0,23.0,-3.0,-8.0,26.5,21.5,-2.5,-5.0,27.0,24.5,12.0,PASS_WITHIN_95X140_REFERENCE_ENVELOPE,127.5,133.5,290.0,145.0,-145.0,NOT_FULLY_EVALUATED,0,FAIL,BELT_NOMINAL_LT_13|BELT_RESIDUAL_LT_8|PULLEY_CLEARANCE_LT_10
S3-IN12-P-04,3,C,O,C,O,26.0,-26.0,43.0,-43.0,87.5,-87.5,12.0,-4.0,0.0,23.0,-2.0,-7.0,25.5,20.5,-1.5,-4.0,26.0,23.5,12.0,PASS_WITHIN_95X140_REFERENCE_ENVELOPE,127.5,133.5,290.0,145.0,-145.0,NOT_FULLY_EVALUATED,0,FAIL,BELT_NOMINAL_LT_13|BELT_RESIDUAL_LT_8|PULLEY_CLEARANCE_LT_10
S3-IN12-P-03,3,C,O,C,O,26.0,-26.0,44.0,-44.0,87.5,-87.5,12.0,-3.0,0.0,23.0,-1.0,-6.0,24.5,19.5,-0.5,-3.0,25.0,22.5,12.0,PASS_WITHIN_95X140_REFERENCE_ENVELOPE,127.5,133.5,290.0,145.0,-145.0,NOT_FULLY_EVALUATED,0,FAIL,BELT_NOMINAL_LT_13|BELT_RESIDUAL_LT_8|PULLEY_CLEARANCE_LT_10
S3-IN12-P-02,3,C,O,C,O,26.0,-26.0,45.0,-45.0,87.5,-87.5,12.0,-2.0,0.0,23.0,0.0,-5.0,23.5,18.5,0.5,-2.0,24.0,21.5,12.0,PASS_WITHIN_95X140_REFERENCE_ENVELOPE,127.5,133.5,290.0,145.0,-145.0,NOT_FULLY_EVALUATED,0,FAIL,BELT_NOMINAL_LT_13|BELT_RESIDUAL_LT_8|PULLEY_CLEARANCE_LT_10
S3-IN12-P-01,3,C,O,C,O,26.0,-26.0,46.0,-46.0,87.5,-87.5,12.0,-1.0,0.0,23.0,1.0,-4.0,22.5,17.5,1.5,-1.0,23.0,20.5,12.0,PASS_WITHIN_95X140_REFERENCE_ENVELOPE,127.5,133.5,290.0,145.0,-145.0,NOT_FULLY_EVALUATED,0,FAIL,BELT_NOMINAL_LT_13|BELT_RESIDUAL_LT_8|PULLEY_CLEARANCE_LT_10
S3-IN12-P+00,3,C,O,C,O,26.0,-26.0,47.0,-47.0,87.5,-87.5,12.0,0.0,0.0,23.0,2.0,-3.0,21.5,16.5,2.5,0.0,22.0,19.5,12.0,PASS_WITHIN_95X140_REFERENCE_ENVELOPE,127.5,133.5,290.0,145.0,-145.0,NOT_FULLY_EVALUATED,0,FAIL,BELT_NOMINAL_LT_13|BELT_RESIDUAL_LT_8|PULLEY_CLEARANCE_LT_10
S3-IN12-P+01,3,C,O,C,O,26.0,-26.0,48.0,-48.0,87.5,-87.5,12.0,1.0,0.0,23.0,3.0,-2.0,20.5,15.5,3.5,1.0,21.0,18.5,12.0,PASS_WITHIN_95X140_REFERENCE_ENVELOPE,127.5,133.5,290.0,145.0,-145.0,NOT_FULLY_EVALUATED,0,FAIL,BELT_NOMINAL_LT_13|BELT_RESIDUAL_LT_8|PULLEY_CLEARANCE_LT_10
S3-IN12-P+02,3,C,O,C,O,26.0,-26.0,49.0,-49.0,87.5,-87.5,12.0,2.0,0.0,23.0,4.0,-1.0,19.5,14.5,4.5,2.0,20.0,17.5,12.0,PASS_WITHIN_95X140_REFERENCE_ENVELOPE,127.5,133.5,290.0,145.0,-145.0,NOT_FULLY_EVALUATED,0,FAIL,BELT_NOMINAL_LT_13|BELT_RESIDUAL_LT_8|PULLEY_CLEARANCE_LT_10
S3-IN12-P+03,3,C,O,C,O,26.0,-26.0,50.0,-50.0,87.5,-87.5,12.0,3.0,0.0,23.0,5.0,0.0,18.5,13.5,5.5,3.0,19.0,16.5,12.0,PASS_WITHIN_95X140_REFERENCE_ENVELOPE,127.5,133.5,290.0,145.0,-145.0,NOT_FULLY_EVALUATED,0,FAIL,BELT_NOMINAL_LT_13|BELT_RESIDUAL_LT_8|PULLEY_CLEARANCE_LT_10
S3-IN12-P+04,3,C,O,C,O,26.0,-26.0,51.0,-51.0,87.5,-87.5,12.0,4.0,0.0,23.0,6.0,1.0,17.5,12.5,6.5,4.0,18.0,15.5,12.0,PASS_WITHIN_95X140_REFERENCE_ENVELOPE,127.5,133.5,290.0,145.0,-145.0,NOT_FULLY_EVALUATED,0,FAIL,BELT_NOMINAL_LT_13|BELT_RESIDUAL_LT_8|PULLEY_CLEARANCE_LT_10
S3-IN12-P+05,3,C,O,C,O,26.0,-26.0,52.0,-52.0,87.5,-87.5,12.0,5.0,0.0,23.0,7.0,2.0,16.5,11.5,7.5,5.0,17.0,14.5,12.0,PASS_WITHIN_95X140_REFERENCE_ENVELOPE,127.5,133.5,290.0,145.0,-145.0,NOT_FULLY_EVALUATED,0,FAIL,BELT_NOMINAL_LT_13|BELT_RESIDUAL_LT_8|PULLEY_CLEARANCE_LT_10
S3-IN12-P+06,3,C,O,C,O,26.0,-26.0,53.0,-53.0,87.5,-87.5,12.0,6.0,0.0,23.0,8.0,3.0,15.5,10.5,8.5,6.0,16.0,13.5,12.0,PASS_WITHIN_95X140_REFERENCE_ENVELOPE,127.5,133.5,290.0,145.0,-145.0,NOT_FULLY_EVALUATED,0,FAIL,BELT_NOMINAL_LT_13|BELT_RESIDUAL_LT_8|PULLEY_CLEARANCE_LT_10
S4-IN01.00-P06.00-OUT-08.0,4,C,O,C,O,15.0,-15.0,53.0,-53.0,79.5,-79.5,1.0,6.0,-8.0,1.0,19.0,14.0,7.5,2.5,19.5,17.0,8.0,5.5,12.0,PASS_WITHIN_95X140_REFERENCE_ENVELOPE,138.5,144.5,290.0,145.0,-145.0,NOT_FULLY_EVALUATED,0,FAIL,BELT_NOMINAL_LT_13|BELT_RESIDUAL_LT_8|PULLEY_CLEARANCE_LT_10
S4-IN01.00-P06.00-OUT-07.5,4,C,O,C,O,15.0,-15.0,53.0,-53.0,80.0,-80.0,1.0,6.0,-7.5,1.0,19.0,14.0,8.0,3.0,19.5,17.0,8.5,6.0,12.0,PASS_WITHIN_95X140_REFERENCE_ENVELOPE,138.5,144.5,290.0,145.0,-145.0,NOT_FULLY_EVALUATED,0,FAIL,BELT_NOMINAL_LT_13|BELT_RESIDUAL_LT_8|PULLEY_CLEARANCE_LT_10
S4-IN01.00-P06.00-OUT-07.0,4,C,O,C,O,15.0,-15.0,53.0,-53.0,80.5,-80.5,1.0,6.0,-7.0,1.0,19.0,14.0,8.5,3.5,19.5,17.0,9.0,6.5,12.0,PASS_WITHIN_95X140_REFERENCE_ENVELOPE,138.5,144.5,290.0,145.0,-145.0,NOT_FULLY_EVALUATED,0,FAIL,BELT_NOMINAL_LT_13|BELT_RESIDUAL_LT_8|PULLEY_CLEARANCE_LT_10
S4-IN01.00-P06.00-OUT-06.5,4,C,O,C,O,15.0,-15.0,53.0,-53.0,81.0,-81.0,1.0,6.0,-6.5,1.0,19.0,14.0,9.0,4.0,19.5,17.0,9.5,7.0,12.0,PASS_WITHIN_95X140_REFERENCE_ENVELOPE,138.5,144.5,290.0,145.0,-145.0,NOT_FULLY_EVALUATED,0,FAIL,BELT_NOMINAL_LT_13|BELT_RESIDUAL_LT_8|PULLEY_CLEARANCE_LT_10
S4-IN01.00-P06.00-OUT-06.0,4,C,O,C,O,15.0,-15.0,53.0,-53.0,81.5,-81.5,1.0,6.0,-6.0,1.0,19.0,14.0,9.5,4.5,19.5,17.0,10.0,7.5,12.0,PASS_WITHIN_95X140_REFERENCE_ENVELOPE,138.5,144.5,290.0,145.0,-145.0,NOT_FULLY_EVALUATED,0,FAIL,BELT_NOMINAL_LT_13|BELT_RESIDUAL_LT_8
S4-IN01.00-P06.00-OUT-05.5,4,C,O,C,O,15.0,-15.0,53.0,-53.0,82.0,-82.0,1.0,6.0,-5.5,1.0,19.0,14.0,10.0,5.0,19.5,17.0,10.5,8.0,12.0,PASS_WITHIN_95X140_REFERENCE_ENVELOPE,138.5,144.5,290.0,145.0,-145.0,NOT_FULLY_EVALUATED,0,FAIL,BELT_NOMINAL_LT_13|BELT_RESIDUAL_LT_8
S4-IN01.00-P06.00-OUT-05.0,4,C,O,C,O,15.0,-15.0,53.0,-53.0,82.5,-82.5,1.0,6.0,-5.0,1.0,19.0,14.0,10.5,5.5,19.5,17.0,11.0,8.5,12.0,PASS_WITHIN_95X140_REFERENCE_ENVELOPE,138.5,144.5,290.0,145.0,-145.0,NOT_FULLY_EVALUATED,0,FAIL,BELT_NOMINAL_LT_13|BELT_RESIDUAL_LT_8
S4-IN01.00-P06.00-OUT-04.5,4,C,O,C,O,15.0,-15.0,53.0,-53.0,83.0,-83.0,1.0,6.0,-4.5,1.0,19.0,14.0,11.0,6.0,19.5,17.0,11.5,9.0,12.0,PASS_WITHIN_95X140_REFERENCE_ENVELOPE,138.5,144.5,290.0,145.0,-145.0,NOT_FULLY_EVALUATED,0,FAIL,BELT_NOMINAL_LT_13|BELT_RESIDUAL_LT_8
S4-IN01.00-P06.00-OUT-04.0,4,C,O,C,O,15.0,-15.0,53.0,-53.0,83.5,-83.5,1.0,6.0,-4.0,1.0,19.0,14.0,11.5,6.5,19.5,17.0,12.0,9.5,12.0,PASS_WITHIN_95X140_REFERENCE_ENVELOPE,138.5,144.5,290.0,145.0,-145.0,NOT_FULLY_EVALUATED,0,FAIL,BELT_NOMINAL_LT_13|BELT_RESIDUAL_LT_8
S4-IN01.00-P06.00-OUT-03.5,4,C,O,C,O,15.0,-15.0,53.0,-53.0,84.0,-84.0,1.0,6.0,-3.5,1.0,19.0,14.0,12.0,7.0,19.5,17.0,12.5,10.0,12.0,PASS_WITHIN_95X140_REFERENCE_ENVELOPE,138.5,144.5,290.0,145.0,-145.0,NOT_FULLY_EVALUATED,0,FAIL,BELT_NOMINAL_LT_13|BELT_RESIDUAL_LT_8
S4-IN01.00-P06.00-OUT-03.0,4,C,O,C,O,15.0,-15.0,53.0,-53.0,84.5,-84.5,1.0,6.0,-3.0,1.0,19.0,14.0,12.5,7.5,19.5,17.0,13.0,10.5,12.0,PASS_WITHIN_95X140_REFERENCE_ENVELOPE,138.5,144.5,290.0,145.0,-145.0,NOT_FULLY_EVALUATED,0,FAIL,BELT_NOMINAL_LT_13|BELT_RESIDUAL_LT_8
S4-IN01.00-P06.00-OUT-02.5,4,C,O,C,O,15.0,-15.0,53.0,-53.0,85.0,-85.0,1.0,6.0,-2.5,1.0,19.0,14.0,13.0,8.0,19.5,17.0,13.5,11.0,12.0,PASS_WITHIN_95X140_REFERENCE_ENVELOPE,138.5,144.5,290.0,145.0,-145.0,NOT_FULLY_EVALUATED,0,CONDITIONAL_PASS_CANDIDATE,
S4-IN01.00-P06.00-OUT-02.0,4,C,O,C,O,15.0,-15.0,53.0,-53.0,85.5,-85.5,1.0,6.0,-2.0,1.0,19.0,14.0,13.5,8.5,19.5,17.0,14.0,11.5,12.0,PASS_WITHIN_95X140_REFERENCE_ENVELOPE,138.5,144.5,290.0,145.0,-145.0,NOT_FULLY_EVALUATED,0,CONDITIONAL_PASS_CANDIDATE,
S4-IN01.00-P06.00-OUT-01.5,4,C,O,C,O,15.0,-15.0,53.0,-53.0,86.0,-86.0,1.0,6.0,-1.5,1.0,19.0,14.0,14.0,9.0,19.5,17.0,14.5,12.0,12.0,PASS_WITHIN_95X140_REFERENCE_ENVELOPE,138.5,144.5,290.0,145.0,-145.0,NOT_FULLY_EVALUATED,0,CONDITIONAL_PASS_CANDIDATE,
S4-IN01.00-P06.00-OUT-01.0,4,C,O,C,O,15.0,-15.0,53.0,-53.0,86.5,-86.5,1.0,6.0,-1.0,1.0,19.0,14.0,14.5,9.5,19.5,17.0,15.0,12.5,12.0,PASS_WITHIN_95X140_REFERENCE_ENVELOPE,138.5,144.5,290.0,145.0,-145.0,NOT_FULLY_EVALUATED,0,CONDITIONAL_PASS_CANDIDATE,
S4-IN01.00-P06.00-OUT-00.5,4,C,O,C,O,15.0,-15.0,53.0,-53.0,87.0,-87.0,1.0,6.0,-0.5,1.0,19.0,14.0,15.0,10.0,19.5,17.0,15.5,13.0,12.0,PASS_WITHIN_95X140_REFERENCE_ENVELOPE,138.5,144.5,290.0,145.0,-145.0,NOT_FULLY_EVALUATED,0,CONDITIONAL_PASS_CANDIDATE,
S4-IN01.00-P06.00-OUT+00.0,4,C,O,C,O,15.0,-15.0,53.0,-53.0,87.5,-87.5,1.0,6.0,0.0,1.0,19.0,14.0,15.5,10.5,19.5,17.0,16.0,13.5,12.0,PASS_WITHIN_95X140_REFERENCE_ENVELOPE,138.5,144.5,290.0,145.0,-145.0,NOT_FULLY_EVALUATED,0,CONDITIONAL_PASS_CANDIDATE,
S4-IN01.00-P06.00-OUT+00.5,4,C,O,C,O,15.0,-15.0,53.0,-53.0,88.0,-88.0,1.0,6.0,0.5,1.0,19.0,14.0,16.0,11.0,19.5,17.0,16.5,14.0,12.0,PASS_WITHIN_95X140_REFERENCE_ENVELOPE,138.5,144.5,290.0,145.0,-145.0,NOT_FULLY_EVALUATED,0,CONDITIONAL_PASS_CANDIDATE,
S4-IN01.00-P06.00-OUT+01.0,4,C,O,C,O,15.0,-15.0,53.0,-53.0,88.5,-88.5,1.0,6.0,1.0,1.0,19.0,14.0,16.5,11.5,19.5,17.0,17.0,14.5,12.0,PASS_WITHIN_95X140_REFERENCE_ENVELOPE,138.5,144.5,290.0,145.0,-145.0,NOT_FULLY_EVALUATED,0,CONDITIONAL_PASS_CANDIDATE,
S4-IN01.00-P06.00-OUT+01.5,4,C,O,C,O,15.0,-15.0,53.0,-53.0,89.0,-89.0,1.0,6.0,1.5,1.0,19.0,14.0,17.0,12.0,19.5,17.0,17.5,15.0,12.0,PASS_WITHIN_95X140_REFERENCE_ENVELOPE,138.5,144.5,290.0,145.0,-145.0,NOT_FULLY_EVALUATED,0,CONDITIONAL_PASS_CANDIDATE,
S4-IN01.00-P06.00-OUT+02.0,4,C,O,C,O,15.0,-15.0,53.0,-53.0,89.5,-89.5,1.0,6.0,2.0,1.0,19.0,14.0,17.5,12.5,19.5,17.0,18.0,15.5,12.0,PASS_WITHIN_95X140_REFERENCE_ENVELOPE,138.5,144.5,290.0,145.0,-145.0,NOT_FULLY_EVALUATED,0,CONDITIONAL_PASS_CANDIDATE,
S4-IN01.00-P06.00-OUT+02.5,4,C,O,C,O,15.0,-15.0,53.0,-53.0,90.0,-90.0,1.0,6.0,2.5,1.0,19.0,14.0,18.0,13.0,19.5,17.0,18.5,16.0,12.0,PASS_WITHIN_95X140_REFERENCE_ENVELOPE,138.5,144.5,290.0,145.0,-145.0,NOT_FULLY_EVALUATED,0,CONDITIONAL_PASS_CANDIDATE,
S4-IN01.00-P06.00-OUT+03.0,4,C,O,C,O,15.0,-15.0,53.0,-53.0,90.5,-90.5,1.0,6.0,3.0,1.0,19.0,14.0,18.5,13.5,19.5,17.0,19.0,16.5,12.0,PASS_WITHIN_95X140_REFERENCE_ENVELOPE,138.5,144.5,290.0,145.0,-145.0,NOT_FULLY_EVALUATED,0,CONDITIONAL_PASS_CANDIDATE,
S4-IN01.00-P06.00-OUT+03.5,4,C,O,C,O,15.0,-15.0,53.0,-53.0,91.0,-91.0,1.0,6.0,3.5,1.0,19.0,14.0,19.0,14.0,19.5,17.0,19.5,17.0,12.0,PASS_WITHIN_95X140_REFERENCE_ENVELOPE,138.5,144.5,290.0,145.0,-145.0,NOT_FULLY_EVALUATED,0,CONDITIONAL_PASS_CANDIDATE,
S4-IN01.00-P06.00-OUT+04.0,4,C,O,C,O,15.0,-15.0,53.0,-53.0,91.5,-91.5,1.0,6.0,4.0,1.0,19.0,14.0,19.5,14.5,19.5,17.0,20.0,17.5,12.0,PASS_WITHIN_95X140_REFERENCE_ENVELOPE,138.5,144.5,290.0,145.0,-145.0,NOT_FULLY_EVALUATED,0,CONDITIONAL_PASS_CANDIDATE,
S4-IN01.00-P06.00-OUT+04.5,4,C,O,C,O,15.0,-15.0,53.0,-53.0,92.0,-92.0,1.0,6.0,4.5,1.0,19.0,14.0,20.0,15.0,19.5,17.0,20.5,18.0,12.0,PASS_WITHIN_95X140_REFERENCE_ENVELOPE,138.5,144.5,290.0,145.0,-145.0,NOT_FULLY_EVALUATED,0,CONDITIONAL_PASS_CANDIDATE,
S4-IN01.00-P06.00-OUT+05.0,4,C,O,C,O,15.0,-15.0,53.0,-53.0,92.5,-92.5,1.0,6.0,5.0,1.0,19.0,14.0,20.5,15.5,19.5,17.0,21.0,18.5,12.0,PASS_WITHIN_95X140_REFERENCE_ENVELOPE,138.5,144.5,290.0,145.0,-145.0,NOT_FULLY_EVALUATED,0,CONDITIONAL_PASS_CANDIDATE,
S4-IN01.00-P06.00-OUT+05.5,4,C,O,C,O,15.0,-15.0,53.0,-53.0,93.0,-93.0,1.0,6.0,5.5,1.0,19.0,14.0,21.0,16.0,19.5,17.0,21.5,19.0,12.0,PASS_WITHIN_95X140_REFERENCE_ENVELOPE,138.5,144.5,290.0,145.0,-145.0,NOT_FULLY_EVALUATED,0,CONDITIONAL_PASS_CANDIDATE,
S4-IN01.00-P06.00-OUT+06.0,4,C,O,C,O,15.0,-15.0,53.0,-53.0,93.5,-93.5,1.0,6.0,6.0,1.0,19.0,14.0,21.5,16.5,19.5,17.0,22.0,19.5,12.0,PASS_WITHIN_95X140_REFERENCE_ENVELOPE,138.5,144.5,290.0,145.0,-145.0,NOT_FULLY_EVALUATED,0,CONDITIONAL_PASS_CANDIDATE,
S4-IN01.00-P06.00-OUT+06.5,4,C,O,C,O,15.0,-15.0,53.0,-53.0,94.0,-94.0,1.0,6.0,6.5,1.0,19.0,14.0,22.0,17.0,19.5,17.0,22.5,20.0,12.0,PASS_WITHIN_95X140_REFERENCE_ENVELOPE,138.5,144.5,290.0,145.0,-145.0,NOT_FULLY_EVALUATED,0,CONDITIONAL_PASS_CANDIDATE,
S4-IN01.00-P06.00-OUT+07.0,4,C,O,C,O,15.0,-15.0,53.0,-53.0,94.5,-94.5,1.0,6.0,7.0,1.0,19.0,14.0,22.5,17.5,19.5,17.0,23.0,20.5,12.0,PASS_WITHIN_95X140_REFERENCE_ENVELOPE,138.5,144.5,290.0,145.0,-145.0,NOT_FULLY_EVALUATED,0,CONDITIONAL_PASS_CANDIDATE,
S4-IN01.00-P06.00-OUT+07.5,4,C,O,C,O,15.0,-15.0,53.0,-53.0,95.0,-95.0,1.0,6.0,7.5,1.0,19.0,14.0,23.0,18.0,19.5,17.0,23.5,21.0,12.0,PASS_WITHIN_95X140_REFERENCE_ENVELOPE,138.5,144.5,290.0,145.0,-145.0,NOT_FULLY_EVALUATED,0,CONDITIONAL_PASS_CANDIDATE,
S4-IN01.00-P06.00-OUT+08.0,4,C,O,C,O,15.0,-15.0,53.0,-53.0,95.5,-95.5,1.0,6.0,8.0,1.0,19.0,14.0,23.5,18.5,19.5,17.0,24.0,21.5,12.0,PASS_WITHIN_95X140_REFERENCE_ENVELOPE,138.5,144.5,290.0,145.0,-145.0,NOT_FULLY_EVALUATED,0,CONDITIONAL_PASS_CANDIDATE,
