side,sequence,component,measured_mm,provisional_mm,hold_value,accounting,classification,notes
LEFT,1,INNER_SUPPORT_PLATE,,5.0,NO,OVERLAPS_MOUNT_INTERFACE,CONFIRMED_PROVISIONAL,P3-A5052-T5 candidate
LEFT,2,INNER_KP000_HOUSING,17.0,,NO,ENVELOPE,CONFIRMED_PROVISIONAL,Housing depth only
LEFT,3,INNER_INSERT_PROTRUSION,6.0,,ORIENTATION,ENVELOPE_WORST_CASE,CONFIRMED_PROVISIONAL,Only one side measured
LEFT,4,SHAFT_COLLAR,,,YES,ADDITIVE,PART_MEASUREMENT_REQUIRED,Width and retention method missing
LEFT,5,60T_FLANGE_INNER,2.0,,SEMANTIC,COMPONENT_ONLY_NON_ADDITIVE,CONFIRMED_PROVISIONAL,Contained in reported total 20
LEFT,6,60T_TOOTHED_FACE,17.0,,SEMANTIC,COMPONENT_ONLY_NON_ADDITIVE,REINTERPRETED,Confirm axial face
LEFT,7,60T_FLANGE_OUTER,2.0,,SEMANTIC,COMPONENT_ONLY_NON_ADDITIVE,CONFIRMED_PROVISIONAL,2+17+2 conflicts with total by 1
LEFT,8,60T_TOTAL_ENVELOPE,20.0,,NO,CONTROLLING_GROUP_TOTAL,CONFIRMED_PROVISIONAL,Used instead of summing components
LEFT,9,SPACER,,,YES,ADDITIVE,PART_MEASUREMENT_REQUIRED,Required width unknown
LEFT,10,OUTER_KP000_HOUSING,17.0,,NO,ENVELOPE,CONFIRMED_PROVISIONAL,Housing depth only
LEFT,11,OUTER_INSERT_PROTRUSION,6.0,,ORIENTATION,ENVELOPE_WORST_CASE,CONFIRMED_PROVISIONAL,Opposite-side projection unknown
LEFT,12,OUTPUT_COLLAR,,,YES,ADDITIVE,PART_MEASUREMENT_REQUIRED,Width unknown
LEFT,13,PTO_COUPLING,,,YES,ADDITIVE,PART_MEASUREMENT_REQUIRED,Fixing and width unknown
LEFT,14,OUTPUT_END_RESERVE,,,YES,ADDITIVE,PART_MEASUREMENT_REQUIRED,Required exposed length unknown
RIGHT,1,INNER_SUPPORT_PLATE,,5.0,NO,OVERLAPS_MOUNT_INTERFACE,CONFIRMED_PROVISIONAL,P3-A5052-T5 candidate
RIGHT,2,INNER_KP000_HOUSING,17.0,,NO,ENVELOPE,CONFIRMED_PROVISIONAL,Housing depth only
RIGHT,3,INNER_INSERT_PROTRUSION,6.0,,ORIENTATION,ENVELOPE_WORST_CASE,CONFIRMED_PROVISIONAL,Only one side measured
RIGHT,4,SHAFT_COLLAR,,,YES,ADDITIVE,PART_MEASUREMENT_REQUIRED,Width and retention method missing
RIGHT,5,60T_FLANGE_INNER,2.0,,SEMANTIC,COMPONENT_ONLY_NON_ADDITIVE,CONFIRMED_PROVISIONAL,Contained in reported total 20
RIGHT,6,60T_TOOTHED_FACE,17.0,,SEMANTIC,COMPONENT_ONLY_NON_ADDITIVE,REINTERPRETED,Confirm axial face
RIGHT,7,60T_FLANGE_OUTER,2.0,,SEMANTIC,COMPONENT_ONLY_NON_ADDITIVE,CONFIRMED_PROVISIONAL,2+17+2 conflicts with total by 1
RIGHT,8,60T_TOTAL_ENVELOPE,20.0,,NO,CONTROLLING_GROUP_TOTAL,CONFIRMED_PROVISIONAL,Used instead of summing components
RIGHT,9,SPACER,,,YES,ADDITIVE,PART_MEASUREMENT_REQUIRED,Required width unknown
RIGHT,10,OUTER_KP000_HOUSING,17.0,,NO,ENVELOPE,CONFIRMED_PROVISIONAL,Housing depth only
RIGHT,11,OUTER_INSERT_PROTRUSION,6.0,,ORIENTATION,ENVELOPE_WORST_CASE,CONFIRMED_PROVISIONAL,Opposite-side projection unknown
RIGHT,12,OUTPUT_COLLAR,,,YES,ADDITIVE,PART_MEASUREMENT_REQUIRED,Width unknown
RIGHT,13,PTO_COUPLING,,,YES,ADDITIVE,PART_MEASUREMENT_REQUIRED,Fixing and width unknown
RIGHT,14,OUTPUT_END_RESERVE,,,YES,ADDITIVE,PART_MEASUREMENT_REQUIRED,Required exposed length unknown
