candidate_id,shape_group,environment,intersection_volume_mm3,collision,authorization,hard_constraint_effect,calculation
A_LATERAL_FRONT_DIRECT,fixed_motor,CBOX,0.0,NO,NONE,PASS,CADQUERY_ACTUAL_SHAPE_COMMON_VOLUME
A_LATERAL_FRONT_DIRECT,fixed_motor,BBOX,0.0,NO,NONE,PASS,CADQUERY_ACTUAL_SHAPE_COMMON_VOLUME
A_LATERAL_FRONT_DIRECT,fixed_motor,FRAME,0.0,NO,NONE,PASS,CADQUERY_ACTUAL_SHAPE_COMMON_VOLUME
A_LATERAL_FRONT_DIRECT,fixed_motor,TRACKS,0.0,NO,NONE,PASS,CADQUERY_ACTUAL_SHAPE_COMMON_VOLUME
A_LATERAL_FRONT_DIRECT,fixed_motor,BATTERY_EXTRACTION_KEEP_OUT,0.0,NO,NONE,PASS,CADQUERY_ACTUAL_SHAPE_COMMON_VOLUME
A_LATERAL_FRONT_DIRECT,fixed_motor,UNIT_MATING_KEEP_OUT,0.0,NO,NONE,PASS,CADQUERY_ACTUAL_SHAPE_COMMON_VOLUME
A_LATERAL_FRONT_DIRECT,fixed_motor,DRAINAGE_KEEP_OUT,0.0,NO,NONE,PASS,CADQUERY_ACTUAL_SHAPE_COMMON_VOLUME
A_LATERAL_FRONT_DIRECT,fixed_power,CBOX,0.0,NO,NONE,PASS,CADQUERY_ACTUAL_SHAPE_COMMON_VOLUME
A_LATERAL_FRONT_DIRECT,fixed_power,BBOX,0.0,NO,NONE,PASS,CADQUERY_ACTUAL_SHAPE_COMMON_VOLUME
A_LATERAL_FRONT_DIRECT,fixed_power,FRAME,0.0,NO,NONE,PASS,CADQUERY_ACTUAL_SHAPE_COMMON_VOLUME
A_LATERAL_FRONT_DIRECT,fixed_power,TRACKS,0.0,NO,NONE,PASS,CADQUERY_ACTUAL_SHAPE_COMMON_VOLUME
A_LATERAL_FRONT_DIRECT,fixed_power,BATTERY_EXTRACTION_KEEP_OUT,0.0,NO,NONE,PASS,CADQUERY_ACTUAL_SHAPE_COMMON_VOLUME
A_LATERAL_FRONT_DIRECT,fixed_power,UNIT_MATING_KEEP_OUT,0.0,NO,NONE,PASS,CADQUERY_ACTUAL_SHAPE_COMMON_VOLUME
A_LATERAL_FRONT_DIRECT,fixed_power,DRAINAGE_KEEP_OUT,0.0,NO,NONE,PASS,CADQUERY_ACTUAL_SHAPE_COMMON_VOLUME
A_LATERAL_FRONT_DIRECT,motor_guard,CBOX,0.0,NO,NONE,PASS,CADQUERY_ACTUAL_SHAPE_COMMON_VOLUME
A_LATERAL_FRONT_DIRECT,motor_guard,BBOX,0.0,NO,NONE,PASS,CADQUERY_ACTUAL_SHAPE_COMMON_VOLUME
A_LATERAL_FRONT_DIRECT,motor_guard,FRAME,0.0,NO,NONE,PASS,CADQUERY_ACTUAL_SHAPE_COMMON_VOLUME
A_LATERAL_FRONT_DIRECT,motor_guard,TRACKS,0.0,NO,NONE,PASS,CADQUERY_ACTUAL_SHAPE_COMMON_VOLUME
A_LATERAL_FRONT_DIRECT,motor_guard,BATTERY_EXTRACTION_KEEP_OUT,0.0,NO,NONE,PASS,CADQUERY_ACTUAL_SHAPE_COMMON_VOLUME
A_LATERAL_FRONT_DIRECT,motor_guard,UNIT_MATING_KEEP_OUT,0.0,NO,NONE,PASS,CADQUERY_ACTUAL_SHAPE_COMMON_VOLUME
A_LATERAL_FRONT_DIRECT,motor_guard,DRAINAGE_KEEP_OUT,0.0,NO,NONE,PASS,CADQUERY_ACTUAL_SHAPE_COMMON_VOLUME
A_LATERAL_FRONT_DIRECT,service,CBOX,0.0,NO,NONE,PASS,CADQUERY_ACTUAL_SHAPE_COMMON_VOLUME
A_LATERAL_FRONT_DIRECT,service,BBOX,0.0,NO,NONE,PASS,CADQUERY_ACTUAL_SHAPE_COMMON_VOLUME
A_LATERAL_FRONT_DIRECT,service,FRAME,0.0,NO,NONE,PASS,CADQUERY_ACTUAL_SHAPE_COMMON_VOLUME
A_LATERAL_FRONT_DIRECT,service,TRACKS,0.0,NO,NONE,PASS,CADQUERY_ACTUAL_SHAPE_COMMON_VOLUME
A_LATERAL_FRONT_DIRECT,service,BATTERY_EXTRACTION_KEEP_OUT,0.0,NO,NONE,PASS,CADQUERY_ACTUAL_SHAPE_COMMON_VOLUME
A_LATERAL_FRONT_DIRECT,service,UNIT_MATING_KEEP_OUT,0.0,NO,NONE,PASS,CADQUERY_ACTUAL_SHAPE_COMMON_VOLUME
A_LATERAL_FRONT_DIRECT,service,DRAINAGE_KEEP_OUT,0.0,NO,NONE,PASS,CADQUERY_ACTUAL_SHAPE_COMMON_VOLUME
A_LATERAL_FRONT_DIRECT,removal,CBOX,0.0,NO,NONE,PASS,CADQUERY_ACTUAL_SHAPE_COMMON_VOLUME
A_LATERAL_FRONT_DIRECT,removal,BBOX,0.0,NO,NONE,PASS,CADQUERY_ACTUAL_SHAPE_COMMON_VOLUME
A_LATERAL_FRONT_DIRECT,removal,FRAME,0.0,NO,NONE,PASS,CADQUERY_ACTUAL_SHAPE_COMMON_VOLUME
A_LATERAL_FRONT_DIRECT,removal,TRACKS,0.0,NO,NONE,PASS,CADQUERY_ACTUAL_SHAPE_COMMON_VOLUME
A_LATERAL_FRONT_DIRECT,removal,BATTERY_EXTRACTION_KEEP_OUT,0.0,NO,NONE,PASS,CADQUERY_ACTUAL_SHAPE_COMMON_VOLUME
A_LATERAL_FRONT_DIRECT,removal,UNIT_MATING_KEEP_OUT,0.0,NO,NONE,PASS,CADQUERY_ACTUAL_SHAPE_COMMON_VOLUME
A_LATERAL_FRONT_DIRECT,removal,DRAINAGE_KEEP_OUT,0.0,NO,NONE,PASS,CADQUERY_ACTUAL_SHAPE_COMMON_VOLUME
B_LATERAL_ABOVE_CBOX_DIRECT,fixed_motor,CBOX,0.0,NO,NONE,PASS,CADQUERY_ACTUAL_SHAPE_COMMON_VOLUME
B_LATERAL_ABOVE_CBOX_DIRECT,fixed_motor,BBOX,0.0,NO,NONE,PASS,CADQUERY_ACTUAL_SHAPE_COMMON_VOLUME
B_LATERAL_ABOVE_CBOX_DIRECT,fixed_motor,FRAME,0.0,NO,NONE,PASS,CADQUERY_ACTUAL_SHAPE_COMMON_VOLUME
B_LATERAL_ABOVE_CBOX_DIRECT,fixed_motor,TRACKS,0.0,NO,NONE,PASS,CADQUERY_ACTUAL_SHAPE_COMMON_VOLUME
B_LATERAL_ABOVE_CBOX_DIRECT,fixed_motor,BATTERY_EXTRACTION_KEEP_OUT,0.0,NO,NONE,PASS,CADQUERY_ACTUAL_SHAPE_COMMON_VOLUME
B_LATERAL_ABOVE_CBOX_DIRECT,fixed_motor,UNIT_MATING_KEEP_OUT,0.0,NO,NONE,PASS,CADQUERY_ACTUAL_SHAPE_COMMON_VOLUME
B_LATERAL_ABOVE_CBOX_DIRECT,fixed_motor,DRAINAGE_KEEP_OUT,0.0,NO,NONE,PASS,CADQUERY_ACTUAL_SHAPE_COMMON_VOLUME
B_LATERAL_ABOVE_CBOX_DIRECT,fixed_power,CBOX,0.0,NO,NONE,PASS,CADQUERY_ACTUAL_SHAPE_COMMON_VOLUME
B_LATERAL_ABOVE_CBOX_DIRECT,fixed_power,BBOX,0.0,NO,NONE,PASS,CADQUERY_ACTUAL_SHAPE_COMMON_VOLUME
B_LATERAL_ABOVE_CBOX_DIRECT,fixed_power,FRAME,0.0,NO,NONE,PASS,CADQUERY_ACTUAL_SHAPE_COMMON_VOLUME
B_LATERAL_ABOVE_CBOX_DIRECT,fixed_power,TRACKS,0.0,NO,NONE,PASS,CADQUERY_ACTUAL_SHAPE_COMMON_VOLUME
B_LATERAL_ABOVE_CBOX_DIRECT,fixed_power,BATTERY_EXTRACTION_KEEP_OUT,0.0,NO,NONE,PASS,CADQUERY_ACTUAL_SHAPE_COMMON_VOLUME
B_LATERAL_ABOVE_CBOX_DIRECT,fixed_power,UNIT_MATING_KEEP_OUT,0.0,NO,NONE,PASS,CADQUERY_ACTUAL_SHAPE_COMMON_VOLUME
B_LATERAL_ABOVE_CBOX_DIRECT,fixed_power,DRAINAGE_KEEP_OUT,0.0,NO,NONE,PASS,CADQUERY_ACTUAL_SHAPE_COMMON_VOLUME
B_LATERAL_ABOVE_CBOX_DIRECT,motor_guard,CBOX,0.0,NO,NONE,PASS,CADQUERY_ACTUAL_SHAPE_COMMON_VOLUME
B_LATERAL_ABOVE_CBOX_DIRECT,motor_guard,BBOX,0.0,NO,NONE,PASS,CADQUERY_ACTUAL_SHAPE_COMMON_VOLUME
B_LATERAL_ABOVE_CBOX_DIRECT,motor_guard,FRAME,0.0,NO,NONE,PASS,CADQUERY_ACTUAL_SHAPE_COMMON_VOLUME
B_LATERAL_ABOVE_CBOX_DIRECT,motor_guard,TRACKS,0.0,NO,NONE,PASS,CADQUERY_ACTUAL_SHAPE_COMMON_VOLUME
B_LATERAL_ABOVE_CBOX_DIRECT,motor_guard,BATTERY_EXTRACTION_KEEP_OUT,0.0,NO,NONE,PASS,CADQUERY_ACTUAL_SHAPE_COMMON_VOLUME
B_LATERAL_ABOVE_CBOX_DIRECT,motor_guard,UNIT_MATING_KEEP_OUT,0.0,NO,NONE,PASS,CADQUERY_ACTUAL_SHAPE_COMMON_VOLUME
B_LATERAL_ABOVE_CBOX_DIRECT,motor_guard,DRAINAGE_KEEP_OUT,0.0,NO,NONE,PASS,CADQUERY_ACTUAL_SHAPE_COMMON_VOLUME
B_LATERAL_ABOVE_CBOX_DIRECT,service,CBOX,0.0,NO,NONE,PASS,CADQUERY_ACTUAL_SHAPE_COMMON_VOLUME
B_LATERAL_ABOVE_CBOX_DIRECT,service,BBOX,0.0,NO,NONE,PASS,CADQUERY_ACTUAL_SHAPE_COMMON_VOLUME
B_LATERAL_ABOVE_CBOX_DIRECT,service,FRAME,0.0,NO,NONE,PASS,CADQUERY_ACTUAL_SHAPE_COMMON_VOLUME
B_LATERAL_ABOVE_CBOX_DIRECT,service,TRACKS,31667.411028,YES,NONE,PASS,CADQUERY_ACTUAL_SHAPE_COMMON_VOLUME
B_LATERAL_ABOVE_CBOX_DIRECT,service,BATTERY_EXTRACTION_KEEP_OUT,0.0,NO,NONE,PASS,CADQUERY_ACTUAL_SHAPE_COMMON_VOLUME
B_LATERAL_ABOVE_CBOX_DIRECT,service,UNIT_MATING_KEEP_OUT,0.0,NO,NONE,PASS,CADQUERY_ACTUAL_SHAPE_COMMON_VOLUME
B_LATERAL_ABOVE_CBOX_DIRECT,service,DRAINAGE_KEEP_OUT,0.0,NO,NONE,PASS,CADQUERY_ACTUAL_SHAPE_COMMON_VOLUME
B_LATERAL_ABOVE_CBOX_DIRECT,removal,CBOX,0.0,NO,NONE,PASS,CADQUERY_ACTUAL_SHAPE_COMMON_VOLUME
B_LATERAL_ABOVE_CBOX_DIRECT,removal,BBOX,0.0,NO,NONE,PASS,CADQUERY_ACTUAL_SHAPE_COMMON_VOLUME
B_LATERAL_ABOVE_CBOX_DIRECT,removal,FRAME,0.0,NO,NONE,PASS,CADQUERY_ACTUAL_SHAPE_COMMON_VOLUME
B_LATERAL_ABOVE_CBOX_DIRECT,removal,TRACKS,59915.0,YES,NONE,PASS,CADQUERY_ACTUAL_SHAPE_COMMON_VOLUME
B_LATERAL_ABOVE_CBOX_DIRECT,removal,BATTERY_EXTRACTION_KEEP_OUT,0.0,NO,NONE,PASS,CADQUERY_ACTUAL_SHAPE_COMMON_VOLUME
B_LATERAL_ABOVE_CBOX_DIRECT,removal,UNIT_MATING_KEEP_OUT,0.0,NO,NONE,PASS,CADQUERY_ACTUAL_SHAPE_COMMON_VOLUME
B_LATERAL_ABOVE_CBOX_DIRECT,removal,DRAINAGE_KEEP_OUT,0.0,NO,NONE,PASS,CADQUERY_ACTUAL_SHAPE_COMMON_VOLUME
C_LATERAL_FORE_AFT_STAGGERED,fixed_motor,CBOX,0.0,NO,NONE,PASS,CADQUERY_ACTUAL_SHAPE_COMMON_VOLUME
C_LATERAL_FORE_AFT_STAGGERED,fixed_motor,BBOX,0.0,NO,NONE,PASS,CADQUERY_ACTUAL_SHAPE_COMMON_VOLUME
C_LATERAL_FORE_AFT_STAGGERED,fixed_motor,FRAME,0.0,NO,NONE,PASS,CADQUERY_ACTUAL_SHAPE_COMMON_VOLUME
C_LATERAL_FORE_AFT_STAGGERED,fixed_motor,TRACKS,82.081721,YES,NONE,FAIL,CADQUERY_ACTUAL_SHAPE_COMMON_VOLUME
C_LATERAL_FORE_AFT_STAGGERED,fixed_motor,BATTERY_EXTRACTION_KEEP_OUT,0.0,NO,NONE,PASS,CADQUERY_ACTUAL_SHAPE_COMMON_VOLUME
C_LATERAL_FORE_AFT_STAGGERED,fixed_motor,UNIT_MATING_KEEP_OUT,0.0,NO,NONE,PASS,CADQUERY_ACTUAL_SHAPE_COMMON_VOLUME
C_LATERAL_FORE_AFT_STAGGERED,fixed_motor,DRAINAGE_KEEP_OUT,0.0,NO,NONE,PASS,CADQUERY_ACTUAL_SHAPE_COMMON_VOLUME
C_LATERAL_FORE_AFT_STAGGERED,fixed_power,CBOX,202.570003,YES,NONE,FAIL,CADQUERY_ACTUAL_SHAPE_COMMON_VOLUME
C_LATERAL_FORE_AFT_STAGGERED,fixed_power,BBOX,0.0,NO,NONE,PASS,CADQUERY_ACTUAL_SHAPE_COMMON_VOLUME
C_LATERAL_FORE_AFT_STAGGERED,fixed_power,FRAME,0.0,NO,NONE,PASS,CADQUERY_ACTUAL_SHAPE_COMMON_VOLUME
C_LATERAL_FORE_AFT_STAGGERED,fixed_power,TRACKS,0.0,NO,NONE,PASS,CADQUERY_ACTUAL_SHAPE_COMMON_VOLUME
C_LATERAL_FORE_AFT_STAGGERED,fixed_power,BATTERY_EXTRACTION_KEEP_OUT,0.0,NO,NONE,PASS,CADQUERY_ACTUAL_SHAPE_COMMON_VOLUME
C_LATERAL_FORE_AFT_STAGGERED,fixed_power,UNIT_MATING_KEEP_OUT,0.0,NO,NONE,PASS,CADQUERY_ACTUAL_SHAPE_COMMON_VOLUME
C_LATERAL_FORE_AFT_STAGGERED,fixed_power,DRAINAGE_KEEP_OUT,0.0,NO,NONE,PASS,CADQUERY_ACTUAL_SHAPE_COMMON_VOLUME
C_LATERAL_FORE_AFT_STAGGERED,motor_guard,CBOX,0.0,NO,NONE,PASS,CADQUERY_ACTUAL_SHAPE_COMMON_VOLUME
C_LATERAL_FORE_AFT_STAGGERED,motor_guard,BBOX,0.0,NO,NONE,PASS,CADQUERY_ACTUAL_SHAPE_COMMON_VOLUME
C_LATERAL_FORE_AFT_STAGGERED,motor_guard,FRAME,0.0,NO,NONE,PASS,CADQUERY_ACTUAL_SHAPE_COMMON_VOLUME
C_LATERAL_FORE_AFT_STAGGERED,motor_guard,TRACKS,3856.874559,YES,NONE,PASS,CADQUERY_ACTUAL_SHAPE_COMMON_VOLUME
C_LATERAL_FORE_AFT_STAGGERED,motor_guard,BATTERY_EXTRACTION_KEEP_OUT,0.0,NO,NONE,PASS,CADQUERY_ACTUAL_SHAPE_COMMON_VOLUME
C_LATERAL_FORE_AFT_STAGGERED,motor_guard,UNIT_MATING_KEEP_OUT,0.0,NO,NONE,PASS,CADQUERY_ACTUAL_SHAPE_COMMON_VOLUME
C_LATERAL_FORE_AFT_STAGGERED,motor_guard,DRAINAGE_KEEP_OUT,0.0,NO,NONE,PASS,CADQUERY_ACTUAL_SHAPE_COMMON_VOLUME
C_LATERAL_FORE_AFT_STAGGERED,service,CBOX,0.0,NO,NONE,PASS,CADQUERY_ACTUAL_SHAPE_COMMON_VOLUME
C_LATERAL_FORE_AFT_STAGGERED,service,BBOX,0.0,NO,NONE,PASS,CADQUERY_ACTUAL_SHAPE_COMMON_VOLUME
C_LATERAL_FORE_AFT_STAGGERED,service,FRAME,0.0,NO,NONE,PASS,CADQUERY_ACTUAL_SHAPE_COMMON_VOLUME
C_LATERAL_FORE_AFT_STAGGERED,service,TRACKS,917.670851,YES,NONE,PASS,CADQUERY_ACTUAL_SHAPE_COMMON_VOLUME
C_LATERAL_FORE_AFT_STAGGERED,service,BATTERY_EXTRACTION_KEEP_OUT,0.0,NO,NONE,PASS,CADQUERY_ACTUAL_SHAPE_COMMON_VOLUME
C_LATERAL_FORE_AFT_STAGGERED,service,UNIT_MATING_KEEP_OUT,0.0,NO,NONE,PASS,CADQUERY_ACTUAL_SHAPE_COMMON_VOLUME
C_LATERAL_FORE_AFT_STAGGERED,service,DRAINAGE_KEEP_OUT,0.0,NO,NONE,PASS,CADQUERY_ACTUAL_SHAPE_COMMON_VOLUME
C_LATERAL_FORE_AFT_STAGGERED,removal,CBOX,0.0,NO,NONE,PASS,CADQUERY_ACTUAL_SHAPE_COMMON_VOLUME
C_LATERAL_FORE_AFT_STAGGERED,removal,BBOX,0.0,NO,NONE,PASS,CADQUERY_ACTUAL_SHAPE_COMMON_VOLUME
C_LATERAL_FORE_AFT_STAGGERED,removal,FRAME,0.0,NO,NONE,PASS,CADQUERY_ACTUAL_SHAPE_COMMON_VOLUME
C_LATERAL_FORE_AFT_STAGGERED,removal,TRACKS,5508.161765,YES,NONE,PASS,CADQUERY_ACTUAL_SHAPE_COMMON_VOLUME
C_LATERAL_FORE_AFT_STAGGERED,removal,BATTERY_EXTRACTION_KEEP_OUT,0.0,NO,NONE,PASS,CADQUERY_ACTUAL_SHAPE_COMMON_VOLUME
C_LATERAL_FORE_AFT_STAGGERED,removal,UNIT_MATING_KEEP_OUT,0.0,NO,NONE,PASS,CADQUERY_ACTUAL_SHAPE_COMMON_VOLUME
C_LATERAL_FORE_AFT_STAGGERED,removal,DRAINAGE_KEEP_OUT,0.0,NO,NONE,PASS,CADQUERY_ACTUAL_SHAPE_COMMON_VOLUME
D_LONGITUDINAL_SIDE_RAIL,fixed_motor,CBOX,0.0,NO,NONE,PASS,CADQUERY_ACTUAL_SHAPE_COMMON_VOLUME
D_LONGITUDINAL_SIDE_RAIL,fixed_motor,BBOX,0.0,NO,NONE,PASS,CADQUERY_ACTUAL_SHAPE_COMMON_VOLUME
D_LONGITUDINAL_SIDE_RAIL,fixed_motor,FRAME,0.0,NO,NONE,PASS,CADQUERY_ACTUAL_SHAPE_COMMON_VOLUME
D_LONGITUDINAL_SIDE_RAIL,fixed_motor,TRACKS,0.0,NO,NONE,PASS,CADQUERY_ACTUAL_SHAPE_COMMON_VOLUME
D_LONGITUDINAL_SIDE_RAIL,fixed_motor,BATTERY_EXTRACTION_KEEP_OUT,0.0,NO,NONE,PASS,CADQUERY_ACTUAL_SHAPE_COMMON_VOLUME
D_LONGITUDINAL_SIDE_RAIL,fixed_motor,UNIT_MATING_KEEP_OUT,0.0,NO,NONE,PASS,CADQUERY_ACTUAL_SHAPE_COMMON_VOLUME
D_LONGITUDINAL_SIDE_RAIL,fixed_motor,DRAINAGE_KEEP_OUT,0.0,NO,NONE,PASS,CADQUERY_ACTUAL_SHAPE_COMMON_VOLUME
D_LONGITUDINAL_SIDE_RAIL,fixed_power,CBOX,0.0,NO,NONE,PASS,CADQUERY_ACTUAL_SHAPE_COMMON_VOLUME
D_LONGITUDINAL_SIDE_RAIL,fixed_power,BBOX,0.0,NO,NONE,PASS,CADQUERY_ACTUAL_SHAPE_COMMON_VOLUME
D_LONGITUDINAL_SIDE_RAIL,fixed_power,FRAME,0.0,NO,NONE,PASS,CADQUERY_ACTUAL_SHAPE_COMMON_VOLUME
D_LONGITUDINAL_SIDE_RAIL,fixed_power,TRACKS,0.0,NO,NONE,PASS,CADQUERY_ACTUAL_SHAPE_COMMON_VOLUME
D_LONGITUDINAL_SIDE_RAIL,fixed_power,BATTERY_EXTRACTION_KEEP_OUT,0.0,NO,NONE,PASS,CADQUERY_ACTUAL_SHAPE_COMMON_VOLUME
D_LONGITUDINAL_SIDE_RAIL,fixed_power,UNIT_MATING_KEEP_OUT,0.0,NO,NONE,PASS,CADQUERY_ACTUAL_SHAPE_COMMON_VOLUME
D_LONGITUDINAL_SIDE_RAIL,fixed_power,DRAINAGE_KEEP_OUT,0.0,NO,NONE,PASS,CADQUERY_ACTUAL_SHAPE_COMMON_VOLUME
D_LONGITUDINAL_SIDE_RAIL,motor_guard,CBOX,0.0,NO,NONE,PASS,CADQUERY_ACTUAL_SHAPE_COMMON_VOLUME
D_LONGITUDINAL_SIDE_RAIL,motor_guard,BBOX,0.0,NO,NONE,PASS,CADQUERY_ACTUAL_SHAPE_COMMON_VOLUME
D_LONGITUDINAL_SIDE_RAIL,motor_guard,FRAME,0.0,NO,NONE,PASS,CADQUERY_ACTUAL_SHAPE_COMMON_VOLUME
D_LONGITUDINAL_SIDE_RAIL,motor_guard,TRACKS,0.0,NO,NONE,PASS,CADQUERY_ACTUAL_SHAPE_COMMON_VOLUME
D_LONGITUDINAL_SIDE_RAIL,motor_guard,BATTERY_EXTRACTION_KEEP_OUT,0.0,NO,NONE,PASS,CADQUERY_ACTUAL_SHAPE_COMMON_VOLUME
D_LONGITUDINAL_SIDE_RAIL,motor_guard,UNIT_MATING_KEEP_OUT,0.0,NO,NONE,PASS,CADQUERY_ACTUAL_SHAPE_COMMON_VOLUME
D_LONGITUDINAL_SIDE_RAIL,motor_guard,DRAINAGE_KEEP_OUT,0.0,NO,NONE,PASS,CADQUERY_ACTUAL_SHAPE_COMMON_VOLUME
D_LONGITUDINAL_SIDE_RAIL,service,CBOX,0.0,NO,NONE,PASS,CADQUERY_ACTUAL_SHAPE_COMMON_VOLUME
D_LONGITUDINAL_SIDE_RAIL,service,BBOX,0.0,NO,NONE,PASS,CADQUERY_ACTUAL_SHAPE_COMMON_VOLUME
D_LONGITUDINAL_SIDE_RAIL,service,FRAME,0.0,NO,NONE,PASS,CADQUERY_ACTUAL_SHAPE_COMMON_VOLUME
D_LONGITUDINAL_SIDE_RAIL,service,TRACKS,0.0,NO,NONE,PASS,CADQUERY_ACTUAL_SHAPE_COMMON_VOLUME
D_LONGITUDINAL_SIDE_RAIL,service,BATTERY_EXTRACTION_KEEP_OUT,0.0,NO,NONE,PASS,CADQUERY_ACTUAL_SHAPE_COMMON_VOLUME
D_LONGITUDINAL_SIDE_RAIL,service,UNIT_MATING_KEEP_OUT,0.0,NO,NONE,PASS,CADQUERY_ACTUAL_SHAPE_COMMON_VOLUME
D_LONGITUDINAL_SIDE_RAIL,service,DRAINAGE_KEEP_OUT,0.0,NO,NONE,PASS,CADQUERY_ACTUAL_SHAPE_COMMON_VOLUME
D_LONGITUDINAL_SIDE_RAIL,removal,CBOX,0.0,NO,NONE,PASS,CADQUERY_ACTUAL_SHAPE_COMMON_VOLUME
D_LONGITUDINAL_SIDE_RAIL,removal,BBOX,0.0,NO,NONE,PASS,CADQUERY_ACTUAL_SHAPE_COMMON_VOLUME
D_LONGITUDINAL_SIDE_RAIL,removal,FRAME,0.0,NO,NONE,PASS,CADQUERY_ACTUAL_SHAPE_COMMON_VOLUME
D_LONGITUDINAL_SIDE_RAIL,removal,TRACKS,0.0,NO,NONE,PASS,CADQUERY_ACTUAL_SHAPE_COMMON_VOLUME
D_LONGITUDINAL_SIDE_RAIL,removal,BATTERY_EXTRACTION_KEEP_OUT,0.0,NO,NONE,PASS,CADQUERY_ACTUAL_SHAPE_COMMON_VOLUME
D_LONGITUDINAL_SIDE_RAIL,removal,UNIT_MATING_KEEP_OUT,0.0,NO,NONE,PASS,CADQUERY_ACTUAL_SHAPE_COMMON_VOLUME
D_LONGITUDINAL_SIDE_RAIL,removal,DRAINAGE_KEEP_OUT,0.0,NO,NONE,PASS,CADQUERY_ACTUAL_SHAPE_COMMON_VOLUME
E_LONGITUDINAL_FRONT_PTO,fixed_motor,CBOX,0.0,NO,NONE,PASS,CADQUERY_ACTUAL_SHAPE_COMMON_VOLUME
E_LONGITUDINAL_FRONT_PTO,fixed_motor,BBOX,0.0,NO,NONE,PASS,CADQUERY_ACTUAL_SHAPE_COMMON_VOLUME
E_LONGITUDINAL_FRONT_PTO,fixed_motor,FRAME,0.0,NO,NONE,PASS,CADQUERY_ACTUAL_SHAPE_COMMON_VOLUME
E_LONGITUDINAL_FRONT_PTO,fixed_motor,TRACKS,0.0,NO,NONE,PASS,CADQUERY_ACTUAL_SHAPE_COMMON_VOLUME
E_LONGITUDINAL_FRONT_PTO,fixed_motor,BATTERY_EXTRACTION_KEEP_OUT,0.0,NO,NONE,PASS,CADQUERY_ACTUAL_SHAPE_COMMON_VOLUME
E_LONGITUDINAL_FRONT_PTO,fixed_motor,UNIT_MATING_KEEP_OUT,0.0,NO,NONE,PASS,CADQUERY_ACTUAL_SHAPE_COMMON_VOLUME
E_LONGITUDINAL_FRONT_PTO,fixed_motor,DRAINAGE_KEEP_OUT,0.0,NO,NONE,PASS,CADQUERY_ACTUAL_SHAPE_COMMON_VOLUME
E_LONGITUDINAL_FRONT_PTO,fixed_power,CBOX,0.0,NO,NONE,PASS,CADQUERY_ACTUAL_SHAPE_COMMON_VOLUME
E_LONGITUDINAL_FRONT_PTO,fixed_power,BBOX,0.0,NO,NONE,PASS,CADQUERY_ACTUAL_SHAPE_COMMON_VOLUME
E_LONGITUDINAL_FRONT_PTO,fixed_power,FRAME,0.0,NO,NONE,PASS,CADQUERY_ACTUAL_SHAPE_COMMON_VOLUME
E_LONGITUDINAL_FRONT_PTO,fixed_power,TRACKS,0.0,NO,NONE,PASS,CADQUERY_ACTUAL_SHAPE_COMMON_VOLUME
E_LONGITUDINAL_FRONT_PTO,fixed_power,BATTERY_EXTRACTION_KEEP_OUT,0.0,NO,NONE,PASS,CADQUERY_ACTUAL_SHAPE_COMMON_VOLUME
E_LONGITUDINAL_FRONT_PTO,fixed_power,UNIT_MATING_KEEP_OUT,2683.771308,YES,AUTHORIZED_PTO_INTERFACE,PASS,CADQUERY_ACTUAL_SHAPE_COMMON_VOLUME
E_LONGITUDINAL_FRONT_PTO,fixed_power,DRAINAGE_KEEP_OUT,0.0,NO,NONE,PASS,CADQUERY_ACTUAL_SHAPE_COMMON_VOLUME
E_LONGITUDINAL_FRONT_PTO,motor_guard,CBOX,0.0,NO,NONE,PASS,CADQUERY_ACTUAL_SHAPE_COMMON_VOLUME
E_LONGITUDINAL_FRONT_PTO,motor_guard,BBOX,0.0,NO,NONE,PASS,CADQUERY_ACTUAL_SHAPE_COMMON_VOLUME
E_LONGITUDINAL_FRONT_PTO,motor_guard,FRAME,0.0,NO,NONE,PASS,CADQUERY_ACTUAL_SHAPE_COMMON_VOLUME
E_LONGITUDINAL_FRONT_PTO,motor_guard,TRACKS,0.0,NO,NONE,PASS,CADQUERY_ACTUAL_SHAPE_COMMON_VOLUME
E_LONGITUDINAL_FRONT_PTO,motor_guard,BATTERY_EXTRACTION_KEEP_OUT,0.0,NO,NONE,PASS,CADQUERY_ACTUAL_SHAPE_COMMON_VOLUME
E_LONGITUDINAL_FRONT_PTO,motor_guard,UNIT_MATING_KEEP_OUT,0.0,NO,NONE,PASS,CADQUERY_ACTUAL_SHAPE_COMMON_VOLUME
E_LONGITUDINAL_FRONT_PTO,motor_guard,DRAINAGE_KEEP_OUT,0.0,NO,NONE,PASS,CADQUERY_ACTUAL_SHAPE_COMMON_VOLUME
E_LONGITUDINAL_FRONT_PTO,service,CBOX,0.0,NO,NONE,PASS,CADQUERY_ACTUAL_SHAPE_COMMON_VOLUME
E_LONGITUDINAL_FRONT_PTO,service,BBOX,0.0,NO,NONE,PASS,CADQUERY_ACTUAL_SHAPE_COMMON_VOLUME
E_LONGITUDINAL_FRONT_PTO,service,FRAME,0.0,NO,NONE,PASS,CADQUERY_ACTUAL_SHAPE_COMMON_VOLUME
E_LONGITUDINAL_FRONT_PTO,service,TRACKS,0.0,NO,NONE,PASS,CADQUERY_ACTUAL_SHAPE_COMMON_VOLUME
E_LONGITUDINAL_FRONT_PTO,service,BATTERY_EXTRACTION_KEEP_OUT,0.0,NO,NONE,PASS,CADQUERY_ACTUAL_SHAPE_COMMON_VOLUME
E_LONGITUDINAL_FRONT_PTO,service,UNIT_MATING_KEEP_OUT,0.0,NO,NONE,PASS,CADQUERY_ACTUAL_SHAPE_COMMON_VOLUME
E_LONGITUDINAL_FRONT_PTO,service,DRAINAGE_KEEP_OUT,0.0,NO,NONE,PASS,CADQUERY_ACTUAL_SHAPE_COMMON_VOLUME
E_LONGITUDINAL_FRONT_PTO,removal,CBOX,0.0,NO,NONE,PASS,CADQUERY_ACTUAL_SHAPE_COMMON_VOLUME
E_LONGITUDINAL_FRONT_PTO,removal,BBOX,0.0,NO,NONE,PASS,CADQUERY_ACTUAL_SHAPE_COMMON_VOLUME
E_LONGITUDINAL_FRONT_PTO,removal,FRAME,0.0,NO,NONE,PASS,CADQUERY_ACTUAL_SHAPE_COMMON_VOLUME
E_LONGITUDINAL_FRONT_PTO,removal,TRACKS,0.0,NO,NONE,PASS,CADQUERY_ACTUAL_SHAPE_COMMON_VOLUME
E_LONGITUDINAL_FRONT_PTO,removal,BATTERY_EXTRACTION_KEEP_OUT,0.0,NO,NONE,PASS,CADQUERY_ACTUAL_SHAPE_COMMON_VOLUME
E_LONGITUDINAL_FRONT_PTO,removal,UNIT_MATING_KEEP_OUT,0.0,NO,NONE,PASS,CADQUERY_ACTUAL_SHAPE_COMMON_VOLUME
E_LONGITUDINAL_FRONT_PTO,removal,DRAINAGE_KEEP_OUT,0.0,NO,NONE,PASS,CADQUERY_ACTUAL_SHAPE_COMMON_VOLUME
F_VERTICAL_MOTOR,fixed_motor,CBOX,0.0,NO,NONE,PASS,CADQUERY_ACTUAL_SHAPE_COMMON_VOLUME
F_VERTICAL_MOTOR,fixed_motor,BBOX,0.0,NO,NONE,PASS,CADQUERY_ACTUAL_SHAPE_COMMON_VOLUME
F_VERTICAL_MOTOR,fixed_motor,FRAME,0.0,NO,NONE,PASS,CADQUERY_ACTUAL_SHAPE_COMMON_VOLUME
F_VERTICAL_MOTOR,fixed_motor,TRACKS,0.0,NO,NONE,PASS,CADQUERY_ACTUAL_SHAPE_COMMON_VOLUME
F_VERTICAL_MOTOR,fixed_motor,BATTERY_EXTRACTION_KEEP_OUT,0.0,NO,NONE,PASS,CADQUERY_ACTUAL_SHAPE_COMMON_VOLUME
F_VERTICAL_MOTOR,fixed_motor,UNIT_MATING_KEEP_OUT,0.0,NO,NONE,PASS,CADQUERY_ACTUAL_SHAPE_COMMON_VOLUME
F_VERTICAL_MOTOR,fixed_motor,DRAINAGE_KEEP_OUT,0.0,NO,NONE,PASS,CADQUERY_ACTUAL_SHAPE_COMMON_VOLUME
F_VERTICAL_MOTOR,fixed_power,CBOX,0.0,NO,NONE,PASS,CADQUERY_ACTUAL_SHAPE_COMMON_VOLUME
F_VERTICAL_MOTOR,fixed_power,BBOX,0.0,NO,NONE,PASS,CADQUERY_ACTUAL_SHAPE_COMMON_VOLUME
F_VERTICAL_MOTOR,fixed_power,FRAME,0.0,NO,NONE,PASS,CADQUERY_ACTUAL_SHAPE_COMMON_VOLUME
F_VERTICAL_MOTOR,fixed_power,TRACKS,0.0,NO,NONE,PASS,CADQUERY_ACTUAL_SHAPE_COMMON_VOLUME
F_VERTICAL_MOTOR,fixed_power,BATTERY_EXTRACTION_KEEP_OUT,0.0,NO,NONE,PASS,CADQUERY_ACTUAL_SHAPE_COMMON_VOLUME
F_VERTICAL_MOTOR,fixed_power,UNIT_MATING_KEEP_OUT,0.0,NO,NONE,PASS,CADQUERY_ACTUAL_SHAPE_COMMON_VOLUME
F_VERTICAL_MOTOR,fixed_power,DRAINAGE_KEEP_OUT,0.0,NO,NONE,PASS,CADQUERY_ACTUAL_SHAPE_COMMON_VOLUME
F_VERTICAL_MOTOR,motor_guard,CBOX,0.0,NO,NONE,PASS,CADQUERY_ACTUAL_SHAPE_COMMON_VOLUME
F_VERTICAL_MOTOR,motor_guard,BBOX,0.0,NO,NONE,PASS,CADQUERY_ACTUAL_SHAPE_COMMON_VOLUME
F_VERTICAL_MOTOR,motor_guard,FRAME,0.0,NO,NONE,PASS,CADQUERY_ACTUAL_SHAPE_COMMON_VOLUME
F_VERTICAL_MOTOR,motor_guard,TRACKS,0.0,NO,NONE,PASS,CADQUERY_ACTUAL_SHAPE_COMMON_VOLUME
F_VERTICAL_MOTOR,motor_guard,BATTERY_EXTRACTION_KEEP_OUT,0.0,NO,NONE,PASS,CADQUERY_ACTUAL_SHAPE_COMMON_VOLUME
F_VERTICAL_MOTOR,motor_guard,UNIT_MATING_KEEP_OUT,0.0,NO,NONE,PASS,CADQUERY_ACTUAL_SHAPE_COMMON_VOLUME
F_VERTICAL_MOTOR,motor_guard,DRAINAGE_KEEP_OUT,0.0,NO,NONE,PASS,CADQUERY_ACTUAL_SHAPE_COMMON_VOLUME
F_VERTICAL_MOTOR,service,CBOX,0.0,NO,NONE,PASS,CADQUERY_ACTUAL_SHAPE_COMMON_VOLUME
F_VERTICAL_MOTOR,service,BBOX,0.0,NO,NONE,PASS,CADQUERY_ACTUAL_SHAPE_COMMON_VOLUME
F_VERTICAL_MOTOR,service,FRAME,0.0,NO,NONE,PASS,CADQUERY_ACTUAL_SHAPE_COMMON_VOLUME
F_VERTICAL_MOTOR,service,TRACKS,0.0,NO,NONE,PASS,CADQUERY_ACTUAL_SHAPE_COMMON_VOLUME
F_VERTICAL_MOTOR,service,BATTERY_EXTRACTION_KEEP_OUT,0.0,NO,NONE,PASS,CADQUERY_ACTUAL_SHAPE_COMMON_VOLUME
F_VERTICAL_MOTOR,service,UNIT_MATING_KEEP_OUT,0.0,NO,NONE,PASS,CADQUERY_ACTUAL_SHAPE_COMMON_VOLUME
F_VERTICAL_MOTOR,service,DRAINAGE_KEEP_OUT,0.0,NO,NONE,PASS,CADQUERY_ACTUAL_SHAPE_COMMON_VOLUME
F_VERTICAL_MOTOR,removal,CBOX,0.0,NO,NONE,PASS,CADQUERY_ACTUAL_SHAPE_COMMON_VOLUME
F_VERTICAL_MOTOR,removal,BBOX,0.0,NO,NONE,PASS,CADQUERY_ACTUAL_SHAPE_COMMON_VOLUME
F_VERTICAL_MOTOR,removal,FRAME,0.0,NO,NONE,PASS,CADQUERY_ACTUAL_SHAPE_COMMON_VOLUME
F_VERTICAL_MOTOR,removal,TRACKS,0.0,NO,NONE,PASS,CADQUERY_ACTUAL_SHAPE_COMMON_VOLUME
F_VERTICAL_MOTOR,removal,BATTERY_EXTRACTION_KEEP_OUT,0.0,NO,NONE,PASS,CADQUERY_ACTUAL_SHAPE_COMMON_VOLUME
F_VERTICAL_MOTOR,removal,UNIT_MATING_KEEP_OUT,0.0,NO,NONE,PASS,CADQUERY_ACTUAL_SHAPE_COMMON_VOLUME
F_VERTICAL_MOTOR,removal,DRAINAGE_KEEP_OUT,0.0,NO,NONE,PASS,CADQUERY_ACTUAL_SHAPE_COMMON_VOLUME
G_CURRENT_REPOSITORY_LAYOUT_REPRODUCTION,fixed_motor,CBOX,0.0,NO,NONE,PASS,CADQUERY_ACTUAL_SHAPE_COMMON_VOLUME
G_CURRENT_REPOSITORY_LAYOUT_REPRODUCTION,fixed_motor,BBOX,0.0,NO,NONE,PASS,CADQUERY_ACTUAL_SHAPE_COMMON_VOLUME
G_CURRENT_REPOSITORY_LAYOUT_REPRODUCTION,fixed_motor,FRAME,0.0,NO,NONE,PASS,CADQUERY_ACTUAL_SHAPE_COMMON_VOLUME
G_CURRENT_REPOSITORY_LAYOUT_REPRODUCTION,fixed_motor,TRACKS,0.0,NO,NONE,PASS,CADQUERY_ACTUAL_SHAPE_COMMON_VOLUME
G_CURRENT_REPOSITORY_LAYOUT_REPRODUCTION,fixed_motor,BATTERY_EXTRACTION_KEEP_OUT,0.0,NO,NONE,PASS,CADQUERY_ACTUAL_SHAPE_COMMON_VOLUME
G_CURRENT_REPOSITORY_LAYOUT_REPRODUCTION,fixed_motor,UNIT_MATING_KEEP_OUT,0.0,NO,NONE,PASS,CADQUERY_ACTUAL_SHAPE_COMMON_VOLUME
G_CURRENT_REPOSITORY_LAYOUT_REPRODUCTION,fixed_motor,DRAINAGE_KEEP_OUT,0.0,NO,NONE,PASS,CADQUERY_ACTUAL_SHAPE_COMMON_VOLUME
G_CURRENT_REPOSITORY_LAYOUT_REPRODUCTION,fixed_power,CBOX,0.0,NO,NONE,PASS,CADQUERY_ACTUAL_SHAPE_COMMON_VOLUME
G_CURRENT_REPOSITORY_LAYOUT_REPRODUCTION,fixed_power,BBOX,0.0,NO,NONE,PASS,CADQUERY_ACTUAL_SHAPE_COMMON_VOLUME
G_CURRENT_REPOSITORY_LAYOUT_REPRODUCTION,fixed_power,FRAME,0.0,NO,NONE,PASS,CADQUERY_ACTUAL_SHAPE_COMMON_VOLUME
G_CURRENT_REPOSITORY_LAYOUT_REPRODUCTION,fixed_power,TRACKS,0.0,NO,NONE,PASS,CADQUERY_ACTUAL_SHAPE_COMMON_VOLUME
G_CURRENT_REPOSITORY_LAYOUT_REPRODUCTION,fixed_power,BATTERY_EXTRACTION_KEEP_OUT,0.0,NO,NONE,PASS,CADQUERY_ACTUAL_SHAPE_COMMON_VOLUME
G_CURRENT_REPOSITORY_LAYOUT_REPRODUCTION,fixed_power,UNIT_MATING_KEEP_OUT,0.0,NO,NONE,PASS,CADQUERY_ACTUAL_SHAPE_COMMON_VOLUME
G_CURRENT_REPOSITORY_LAYOUT_REPRODUCTION,fixed_power,DRAINAGE_KEEP_OUT,0.0,NO,NONE,PASS,CADQUERY_ACTUAL_SHAPE_COMMON_VOLUME
G_CURRENT_REPOSITORY_LAYOUT_REPRODUCTION,motor_guard,CBOX,0.0,NO,NONE,PASS,CADQUERY_ACTUAL_SHAPE_COMMON_VOLUME
G_CURRENT_REPOSITORY_LAYOUT_REPRODUCTION,motor_guard,BBOX,0.0,NO,NONE,PASS,CADQUERY_ACTUAL_SHAPE_COMMON_VOLUME
G_CURRENT_REPOSITORY_LAYOUT_REPRODUCTION,motor_guard,FRAME,0.0,NO,NONE,PASS,CADQUERY_ACTUAL_SHAPE_COMMON_VOLUME
G_CURRENT_REPOSITORY_LAYOUT_REPRODUCTION,motor_guard,TRACKS,0.0,NO,NONE,PASS,CADQUERY_ACTUAL_SHAPE_COMMON_VOLUME
G_CURRENT_REPOSITORY_LAYOUT_REPRODUCTION,motor_guard,BATTERY_EXTRACTION_KEEP_OUT,0.0,NO,NONE,PASS,CADQUERY_ACTUAL_SHAPE_COMMON_VOLUME
G_CURRENT_REPOSITORY_LAYOUT_REPRODUCTION,motor_guard,UNIT_MATING_KEEP_OUT,0.0,NO,NONE,PASS,CADQUERY_ACTUAL_SHAPE_COMMON_VOLUME
G_CURRENT_REPOSITORY_LAYOUT_REPRODUCTION,motor_guard,DRAINAGE_KEEP_OUT,0.0,NO,NONE,PASS,CADQUERY_ACTUAL_SHAPE_COMMON_VOLUME
G_CURRENT_REPOSITORY_LAYOUT_REPRODUCTION,service,CBOX,0.0,NO,NONE,PASS,CADQUERY_ACTUAL_SHAPE_COMMON_VOLUME
G_CURRENT_REPOSITORY_LAYOUT_REPRODUCTION,service,BBOX,0.0,NO,NONE,PASS,CADQUERY_ACTUAL_SHAPE_COMMON_VOLUME
G_CURRENT_REPOSITORY_LAYOUT_REPRODUCTION,service,FRAME,0.0,NO,NONE,PASS,CADQUERY_ACTUAL_SHAPE_COMMON_VOLUME
G_CURRENT_REPOSITORY_LAYOUT_REPRODUCTION,service,TRACKS,0.0,NO,NONE,PASS,CADQUERY_ACTUAL_SHAPE_COMMON_VOLUME
G_CURRENT_REPOSITORY_LAYOUT_REPRODUCTION,service,BATTERY_EXTRACTION_KEEP_OUT,0.0,NO,NONE,PASS,CADQUERY_ACTUAL_SHAPE_COMMON_VOLUME
G_CURRENT_REPOSITORY_LAYOUT_REPRODUCTION,service,UNIT_MATING_KEEP_OUT,0.0,NO,NONE,PASS,CADQUERY_ACTUAL_SHAPE_COMMON_VOLUME
G_CURRENT_REPOSITORY_LAYOUT_REPRODUCTION,service,DRAINAGE_KEEP_OUT,0.0,NO,NONE,PASS,CADQUERY_ACTUAL_SHAPE_COMMON_VOLUME
G_CURRENT_REPOSITORY_LAYOUT_REPRODUCTION,removal,CBOX,0.0,NO,NONE,PASS,CADQUERY_ACTUAL_SHAPE_COMMON_VOLUME
G_CURRENT_REPOSITORY_LAYOUT_REPRODUCTION,removal,BBOX,37545.4875,YES,NONE,PASS,CADQUERY_ACTUAL_SHAPE_COMMON_VOLUME
G_CURRENT_REPOSITORY_LAYOUT_REPRODUCTION,removal,FRAME,0.0,NO,NONE,PASS,CADQUERY_ACTUAL_SHAPE_COMMON_VOLUME
G_CURRENT_REPOSITORY_LAYOUT_REPRODUCTION,removal,TRACKS,0.0,NO,NONE,PASS,CADQUERY_ACTUAL_SHAPE_COMMON_VOLUME
G_CURRENT_REPOSITORY_LAYOUT_REPRODUCTION,removal,BATTERY_EXTRACTION_KEEP_OUT,0.0,NO,NONE,PASS,CADQUERY_ACTUAL_SHAPE_COMMON_VOLUME
G_CURRENT_REPOSITORY_LAYOUT_REPRODUCTION,removal,UNIT_MATING_KEEP_OUT,0.0,NO,NONE,PASS,CADQUERY_ACTUAL_SHAPE_COMMON_VOLUME
G_CURRENT_REPOSITORY_LAYOUT_REPRODUCTION,removal,DRAINAGE_KEEP_OUT,0.0,NO,NONE,PASS,CADQUERY_ACTUAL_SHAPE_COMMON_VOLUME
