measurement_id,value,unit,classification,source,notes
BRACKET_OUTER_X,40.2,mm,MEASURED_CONFIRMED,USER_PHYSICAL_MEASUREMENT,conservative rectangular footprint
BRACKET_OUTER_Y,40.0,mm,MEASURED_CONFIRMED,USER_PHYSICAL_MEASUREMENT,conservative rectangular footprint
BRACKET_HOLE_PITCH_X,24.0,mm,MEASURED_CONFIRMED,USER_PHYSICAL_MEASUREMENT,"center-to-center, not outer dimension"
BRACKET_HOLE_PITCH_Y,30.0,mm,MEASURED_CONFIRMED,USER_PHYSICAL_MEASUREMENT,center-to-center
BRACKET_HOLE_DIAMETER,4.0,mm,MEASURED_CONFIRMED,USER_PHYSICAL_MEASUREMENT,M4 candidate
BRACKET_HOLE_COORDINATES,X=+/-12;Y=+/-15,mm,DERIVED_FROM_MEASURED_PITCH,CENTERED_PATTERN,four holes
BRACKET_THICKNESS_PROXY,3.1,mm,CANDIDATE,V0931_MOTOR_BRACKET_ENVELOPE,not manufacturing authority
BRACKET_CORNER_RADIUS,HOLD,mm,MEASUREMENT_HOLD,NOT_MEASURED,proxy uses no corner radius
BRACKET_FRAME_CENTERLINE,COINCIDENT,text,CAD_CONTRACT,V0932,local origins coincide
